scan_id,saved_at,ticker,signal,score,base_score,market_regime,market_score,market_adjustment,close,change_1d_pct,change_20d_pct,change_60d_pct,rsi_14,volume_ratio,volatility_20d_pct,trend,trend_score,momentum_score,volume_score,relative_strength_score,volatility_penalty,extension_penalty,reason,regime_reason,sma_20,sma_50,sma_200,high_52w
20260731_170411,2026-07-31T17:04:11.140780+00:00,4502.T,BUY,88,88,NEUTRAL,40,0,5718.0,-2.21,11.03,9.14,66.6,1.23,1.54,TREND,32,26,12,18,0,0,strong trend; healthy momentum; volume support; relative strength,SPY NEUTRAL 58; QQQ BEARISH 26,5495.1,5218.3,5092.56,5890.0
20260731_170411,2026-07-31T17:04:11.140780+00:00,ALV.DE,BUY,88,88,NEUTRAL,40,0,432.5,0.23,3.03,17.18,67.6,1.29,0.65,TREND,32,26,12,18,0,0,strong trend; healthy momentum; volume support; relative strength,SPY NEUTRAL 58; QQQ BEARISH 26,424.24,405.7,379.94,432.5
20260731_170411,2026-07-31T17:04:11.140780+00:00,DB1.DE,BUY,88,88,NEUTRAL,40,0,262.3,-0.61,5.0,8.08,56.8,1.33,1.56,TREND,32,26,12,18,0,0,strong trend; healthy momentum; volume support; relative strength,SPY NEUTRAL 58; QQQ BEARISH 26,257.82,250.6,235.03,270.5
20260731_170411,2026-07-31T17:04:11.140780+00:00,ISP.MI,BUY,88,88,NEUTRAL,40,0,6.54,0.38,6.01,12.49,62.1,1.16,1.31,TREND,32,26,12,18,0,0,strong trend; healthy momentum; volume support; relative strength,SPY NEUTRAL 58; QQQ BEARISH 26,6.35,6.07,5.77,6.54
20260731_170411,2026-07-31T17:04:11.140780+00:00,8766.T,BUY,83,83,NEUTRAL,40,0,8202.0,-2.28,15.33,15.64,59.4,1.0,2.23,TREND,32,26,7,18,0,0,strong trend; healthy momentum; volume support; relative strength,SPY NEUTRAL 58; QQQ BEARISH 26,7851.1,7474.1,6571.81,8393.0
20260731_170411,2026-07-31T17:04:11.140780+00:00,NWG.L,BUY,83,83,NEUTRAL,40,0,705.8,3.22,3.37,23.34,69.7,1.96,1.79,TREND,32,21,12,18,0,0,strong trend; healthy momentum; volume support; relative strength,SPY NEUTRAL 58; QQQ BEARISH 26,670.95,643.05,613.63,705.8
20260731_170411,2026-07-31T17:04:11.140780+00:00,UBSG.SW,BUY,83,83,NEUTRAL,40,0,42.55,-0.16,3.3,20.71,52.1,1.08,1.46,TREND,32,26,7,18,0,0,strong trend; healthy momentum; volume support; relative strength,SPY NEUTRAL 58; QQQ BEARISH 26,42.51,40.43,34.89,44.28
20260731_170411,2026-07-31T17:04:11.140780+00:00,8316.T,BUY,80,80,NEUTRAL,40,0,6666.0,-3.05,3.62,20.3,45.7,1.24,2.06,MIXED,24,26,12,18,0,0,strong trend; healthy momentum; volume support; relative strength,SPY NEUTRAL 58; QQQ BEARISH 26,6905.15,6504.44,5455.07,7214.0
20260731_170411,2026-07-31T17:04:11.140780+00:00,BNP.PA,BUY,79,79,NEUTRAL,40,0,109.66,0.75,6.8,19.78,72.6,1.17,1.58,TREND,32,21,12,18,0,-4,strong trend; healthy momentum; volume support; relative strength,SPY NEUTRAL 58; QQQ BEARISH 26,104.05,99.95,87.39,109.66
20260731_170411,2026-07-31T17:04:11.140780+00:00,EWS,BUY,79,79,NEUTRAL,40,0,32.22,-0.6,6.81,12.17,60.4,0.86,0.91,TREND,32,26,3,18,0,0,strong trend; healthy momentum; relative strength,SPY NEUTRAL 58; QQQ BEARISH 26,31.62,30.32,28.8,32.41
20260731_170411,2026-07-31T17:04:11.140780+00:00,STAN.L,BUY,79,79,NEUTRAL,40,0,2188.0,-1.26,3.11,15.38,61.4,0.95,1.45,TREND,32,26,3,18,0,0,strong trend; healthy momentum; relative strength,SPY NEUTRAL 58; QQQ BEARISH 26,2131.25,2050.56,1801.36,2216.0
20260731_170411,2026-07-31T17:04:11.140780+00:00,TSCO.L,BUY,79,79,NEUTRAL,40,0,489.5,-0.51,4.91,3.91,64.6,1.03,1.3,TREND,32,22,7,18,0,0,strong trend; healthy momentum; volume support; relative strength,SPY NEUTRAL 58; QQQ BEARISH 26,478.38,463.85,460.06,501.8
20260731_170411,2026-07-31T17:04:11.140780+00:00,SU.PA,BUY,78,78,NEUTRAL,40,0,289.6,1.76,3.39,6.24,64.6,1.61,2.93,RECOVERING,26,26,12,18,-4,0,strong trend; healthy momentum; volume support; relative strength,SPY NEUTRAL 58; QQQ BEARISH 26,269.15,273.46,254.37,292.75
20260731_170411,2026-07-31T17:04:11.140780+00:00,OR.PA,WATCH,77,77,NEUTRAL,40,0,386.95,-1.79,1.18,6.6,54.7,1.39,1.47,RECOVERING,26,21,12,18,0,0,strong trend; healthy momentum; volume support; relative strength,SPY NEUTRAL 58; QQQ BEARISH 26,380.81,381.27,372.55,406.7
20260731_170411,2026-07-31T17:04:11.140780+00:00,BAC,WATCH,76,76,NEUTRAL,40,0,62.14,0.66,5.81,16.98,65.1,0.24,1.32,TREND,32,26,0,18,0,0,strong trend; healthy momentum; relative strength,SPY NEUTRAL 58; QQQ BEARISH 26,60.89,57.25,53.57,62.62
20260731_170411,2026-07-31T17:04:11.140780+00:00,CNR.TO,WATCH,76,76,NEUTRAL,40,0,178.8,0.4,3.69,16.91,52.4,0.34,1.26,TREND,32,26,0,18,0,0,strong trend; healthy momentum; relative strength,SPY NEUTRAL 58; QQQ BEARISH 26,178.54,170.68,148.61,183.92
20260731_170411,2026-07-31T17:04:11.140780+00:00,EC,WATCH,76,76,NEUTRAL,40,0,17.11,0.41,16.39,20.49,66.0,0.26,1.89,TREND,32,26,0,18,0,0,strong trend; healthy momentum; relative strength,SPY NEUTRAL 58; QQQ BEARISH 26,15.95,15.51,12.73,17.11
20260731_170411,2026-07-31T17:04:11.140780+00:00,GREK,WATCH,76,76,NEUTRAL,40,0,80.39,-0.4,5.72,14.59,66.9,0.31,1.71,TREND,32,26,0,18,0,0,strong trend; healthy momentum; relative strength,SPY NEUTRAL 58; QQQ BEARISH 26,77.16,75.61,69.81,80.71
20260731_170411,2026-07-31T17:04:11.140780+00:00,JPM,WATCH,76,76,NEUTRAL,40,0,353.36,0.72,5.65,14.21,65.7,0.26,1.46,TREND,32,26,0,18,0,0,strong trend; healthy momentum; relative strength,SPY NEUTRAL 58; QQQ BEARISH 26,344.3,327.72,311.86,357.31
20260731_170411,2026-07-31T17:04:11.140780+00:00,KO,WATCH,76,76,NEUTRAL,40,0,87.33,-1.31,3.79,11.28,58.0,0.41,1.92,TREND,32,26,0,18,0,0,strong trend; healthy momentum; relative strength,SPY NEUTRAL 58; QQQ BEARISH 26,83.99,82.01,76.08,89.08
20260731_170411,2026-07-31T17:04:11.140780+00:00,PM,WATCH,76,76,NEUTRAL,40,0,192.53,0.28,5.63,13.61,61.6,0.35,2.22,TREND,32,26,0,18,0,0,strong trend; healthy momentum; relative strength,SPY NEUTRAL 58; QQQ BEARISH 26,189.01,183.63,169.98,200.17
20260731_170411,2026-07-31T17:04:11.140780+00:00,8306.T,WATCH,75,75,NEUTRAL,40,0,3525.0,-3.35,8.56,25.98,55.0,1.08,2.21,MIXED,24,26,7,18,0,0,strong trend; healthy momentum; volume support; relative strength,SPY NEUTRAL 58; QQQ BEARISH 26,3554.0,3322.94,2815.09,3799.0
20260731_170411,2026-07-31T17:04:11.140780+00:00,EWA,WATCH,75,75,NEUTRAL,40,0,29.3,-1.74,4.31,0.38,62.0,0.8,1.01,TREND,32,22,3,18,0,0,strong trend; healthy momentum; relative strength,SPY NEUTRAL 58; QQQ BEARISH 26,28.71,28.63,27.96,30.26
20260731_170411,2026-07-31T17:04:11.140780+00:00,AIR.PA,WATCH,74,74,NEUTRAL,40,0,202.2,-0.88,-1.92,12.41,58.1,1.35,2.21,TREND,32,16,12,14,0,0,strong trend; healthy momentum; volume support; relative strength,SPY NEUTRAL 58; QQQ BEARISH 26,201.16,191.02,190.04,220.2
20260731_170411,2026-07-31T17:04:11.140780+00:00,ATD.TO,WATCH,74,74,NEUTRAL,40,0,92.23,2.73,0.93,15.97,51.5,0.86,1.44,TREND,32,21,3,18,0,0,strong trend; healthy momentum; relative strength,SPY NEUTRAL 58; QQQ BEARISH 26,90.6,86.63,79.0,93.76
20260731_170411,2026-07-31T17:04:11.140780+00:00,UCG.MI,WATCH,74,74,NEUTRAL,40,0,81.61,-0.11,-0.43,15.76,47.3,1.18,1.93,TREND,32,16,12,14,0,0,strong trend; healthy momentum; volume support; relative strength,SPY NEUTRAL 58; QQQ BEARISH 26,81.55,78.14,70.42,83.21
20260731_170411,2026-07-31T17:04:11.140780+00:00,WOW.AX,WATCH,74,74,NEUTRAL,40,0,39.77,-1.73,-0.03,16.42,49.2,1.27,0.94,TREND,32,16,12,14,0,0,strong trend; healthy momentum; volume support; relative strength,SPY NEUTRAL 58; QQQ BEARISH 26,39.62,38.27,33.56,40.55
20260731_170411,2026-07-31T17:04:11.140780+00:00,RACE.MI,WATCH,73,73,NEUTRAL,40,0,340.1,-1.03,2.7,17.48,58.7,1.28,1.91,TREND,32,21,12,8,0,0,strong trend; healthy momentum; volume support,SPY NEUTRAL 58; QQQ BEARISH 26,330.87,317.71,313.06,426.9
20260731_170411,2026-07-31T17:04:11.140780+00:00,ANZ.AX,WATCH,72,72,NEUTRAL,40,0,37.31,-0.53,5.81,-0.11,61.0,1.38,0.87,TREND,28,18,12,14,0,0,strong trend; healthy momentum; volume support; relative strength,SPY NEUTRAL 58; QQQ BEARISH 26,36.28,35.47,36.47,40.89
20260731_170411,2026-07-31T17:04:11.140780+00:00,EWC,WATCH,72,72,NEUTRAL,40,0,59.6,-0.31,3.18,3.3,58.5,0.4,0.65,TREND,32,22,0,18,0,0,strong trend; healthy momentum; relative strength,SPY NEUTRAL 58; QQQ BEARISH 26,59.02,58.57,55.63,59.84
20260731_170411,2026-07-31T17:04:11.140780+00:00,MA,WATCH,72,72,NEUTRAL,40,0,572.84,-0.78,6.2,15.24,67.6,0.68,1.54,TREND,28,26,0,18,0,0,strong trend; healthy momentum; relative strength,SPY NEUTRAL 58; QQQ BEARISH 26,542.81,514.13,527.94,598.96
20260731_170411,2026-07-31T17:04:11.140780+00:00,PRU.L,WATCH,72,72,NEUTRAL,40,0,1116.0,-1.67,8.82,-4.45,64.3,1.25,1.48,TREND,28,18,12,14,0,0,strong trend; healthy momentum; volume support; relative strength,SPY NEUTRAL 58; QQQ BEARISH 26,1068.38,1038.24,1092.55,1220.0
20260731_170411,2026-07-31T17:04:11.140780+00:00,6098.T,WATCH,71,71,NEUTRAL,40,0,12915.0,-1.41,12.01,75.45,56.2,1.05,2.25,TREND,32,14,7,18,0,0,strong trend; volume support; relative strength,SPY NEUTRAL 58; QQQ BEARISH 26,12422.5,11419.24,8646.08,13100.0
20260731_170411,2026-07-31T17:04:11.140780+00:00,AMGN,WATCH,71,71,NEUTRAL,40,0,383.64,-1.03,2.54,16.4,67.1,0.32,1.66,TREND,32,21,0,18,0,0,strong trend; healthy momentum; relative strength,SPY NEUTRAL 58; QQQ BEARISH 26,370.69,355.71,343.82,393.1
20260731_170411,2026-07-31T17:04:11.140780+00:00,BMO.TO,WATCH,71,71,NEUTRAL,40,0,252.45,0.85,2.17,19.4,49.3,0.37,1.36,TREND,32,21,0,18,0,0,strong trend; healthy momentum; relative strength,SPY NEUTRAL 58; QQQ BEARISH 26,252.11,242.12,202.13,257.76
20260731_170411,2026-07-31T17:04:11.140780+00:00,BRK-B,WATCH,71,71,NEUTRAL,40,0,512.29,0.51,0.89,10.05,66.4,0.33,0.98,TREND,32,21,0,18,0,0,strong trend; healthy momentum; relative strength,SPY NEUTRAL 58; QQQ BEARISH 26,497.58,491.39,490.4,513.81
20260731_170411,2026-07-31T17:04:11.140780+00:00,CNQ.TO,WATCH,71,71,NEUTRAL,40,0,66.84,0.94,17.93,7.36,69.2,0.14,2.14,TREND,32,21,0,18,0,0,strong trend; healthy momentum; relative strength,SPY NEUTRAL 58; QQQ BEARISH 26,62.02,61.57,56.01,69.5
20260731_170411,2026-07-31T17:04:11.140780+00:00,EPU,WATCH,71,71,NEUTRAL,40,0,86.33,-0.59,2.62,9.89,53.4,0.2,1.99,TREND,32,21,0,18,0,0,strong trend; healthy momentum; relative strength,SPY NEUTRAL 58; QQQ BEARISH 26,85.43,84.77,78.84,93.84
20260731_170411,2026-07-31T17:04:11.140780+00:00,EWI,WATCH,71,71,NEUTRAL,40,0,61.49,-0.27,1.43,6.36,57.2,0.57,1.0,TREND,32,21,0,18,0,0,strong trend; healthy momentum; relative strength,SPY NEUTRAL 58; QQQ BEARISH 26,60.57,59.85,55.93,61.66
20260731_170411,2026-07-31T17:04:11.140780+00:00,EWP,WATCH,71,71,NEUTRAL,40,0,61.37,-0.11,2.87,9.16,63.2,0.62,1.31,TREND,32,21,0,18,0,0,strong trend; healthy momentum; relative strength,SPY NEUTRAL 58; QQQ BEARISH 26,59.71,58.72,55.22,61.44
20260731_170411,2026-07-31T17:04:11.140780+00:00,MQG.AX,WATCH,71,71,NEUTRAL,40,0,253.09,1.24,0.57,4.64,48.4,1.55,0.92,MIXED,24,17,12,18,0,0,strong trend; healthy momentum; volume support; relative strength,SPY NEUTRAL 58; QQQ BEARISH 26,254.52,248.04,221.57,258.41
20260731_170411,2026-07-31T17:04:11.140780+00:00,MRK,WATCH,71,71,NEUTRAL,40,0,130.95,0.89,1.07,15.73,64.1,0.28,1.7,TREND,32,21,0,18,0,0,strong trend; healthy momentum; relative strength,SPY NEUTRAL 58; QQQ BEARISH 26,127.36,122.87,111.59,131.82
20260731_170411,2026-07-31T17:04:11.140780+00:00,RSP,WATCH,71,71,NEUTRAL,40,0,215.24,-0.07,0.15,5.9,53.3,0.72,0.62,TREND,32,21,0,18,0,0,strong trend; healthy momentum; relative strength,SPY NEUTRAL 58; QQQ BEARISH 26,214.07,211.39,199.65,217.69
20260731_170411,2026-07-31T17:04:11.140780+00:00,SLF.TO,WATCH,71,71,NEUTRAL,40,0,116.97,0.83,3.51,17.52,70.7,0.19,1.14,TREND,32,21,0,18,0,0,strong trend; healthy momentum; relative strength,SPY NEUTRAL 58; QQQ BEARISH 26,114.47,109.28,93.43,118.69
20260731_170411,2026-07-31T17:04:11.140780+00:00,V,WATCH,71,71,NEUTRAL,40,0,365.39,-0.24,0.9,13.46,57.5,0.39,1.32,TREND,32,21,0,18,0,0,strong trend; healthy momentum; relative strength,SPY NEUTRAL 58; QQQ BEARISH 26,357.67,340.43,330.3,368.73
20260731_170411,2026-07-31T17:04:11.140780+00:00,XLF,WATCH,71,71,NEUTRAL,40,0,57.06,0.1,2.58,10.59,60.2,0.41,0.85,TREND,32,21,0,18,0,0,strong trend; healthy momentum; relative strength,SPY NEUTRAL 58; QQQ BEARISH 26,56.29,54.19,52.84,57.6
20260731_170411,2026-07-31T17:04:11.140780+00:00,ARGT,WATCH,70,70,NEUTRAL,40,0,95.68,-0.49,4.63,5.91,53.6,0.69,1.69,RECOVERING,26,26,0,18,0,0,strong trend; healthy momentum; relative strength,SPY NEUTRAL 58; QQQ BEARISH 26,93.92,93.98,91.35,102.94
20260731_170411,2026-07-31T17:04:11.140780+00:00,MUV2.DE,WATCH,70,70,NEUTRAL,40,0,522.2,-0.11,5.2,4.02,60.6,1.02,1.15,TREND,28,22,7,13,0,0,strong trend; healthy momentum; volume support; relative strength,SPY NEUTRAL 58; QQQ BEARISH 26,511.27,484.66,521.32,607.8
20260731_170411,2026-07-31T17:04:11.140780+00:00,SHEL.L,WATCH,70,70,NEUTRAL,40,0,3383.5,1.94,17.02,7.86,74.1,0.9,1.45,TREND,32,21,3,18,0,-4,strong trend; healthy momentum; relative strength,SPY NEUTRAL 58; QQQ BEARISH 26,3190.85,3126.25,3019.94,3583.0
20260731_170411,2026-07-31T17:04:11.140780+00:00,SREN.SW,WATCH,70,70,NEUTRAL,40,0,134.85,0.26,3.97,5.02,50.6,0.92,1.32,TREND,28,26,3,13,0,0,strong trend; healthy momentum; relative strength,SPY NEUTRAL 58; QQQ BEARISH 26,134.07,126.86,131.41,154.65
20260731_170411,2026-07-31T17:04:11.140780+00:00,ZURN.SW,WATCH,70,70,NEUTRAL,40,0,615.8,0.16,1.35,11.88,48.0,1.05,0.73,MIXED,24,21,7,18,0,0,strong trend; healthy momentum; volume support; relative strength,SPY NEUTRAL 58; QQQ BEARISH 26,616.34,589.84,570.25,624.4
20260731_170411,2026-07-31T17:04:11.140780+00:00,ITX.MC,WATCH,69,69,NEUTRAL,40,0,56.44,-1.81,-1.33,9.98,58.4,1.14,1.7,TREND,32,16,7,14,0,0,strong trend; healthy momentum; volume support; relative strength,SPY NEUTRAL 58; QQQ BEARISH 26,55.03,54.96,53.2,57.92
20260731_170411,2026-07-31T17:04:11.140780+00:00,NAB.AX,WATCH,69,69,NEUTRAL,40,0,41.33,-0.53,7.16,4.61,64.3,1.46,0.89,TREND,22,22,12,13,0,0,strong trend; healthy momentum; volume support; relative strength,SPY NEUTRAL 58; QQQ BEARISH 26,39.98,38.47,41.68,49.1
20260731_170411,2026-07-31T17:04:11.140780+00:00,RR.L,WATCH,69,69,NEUTRAL,40,0,1467.8,0.33,-2.42,14.69,58.3,1.1,2.39,TREND,32,16,7,14,0,0,strong trend; healthy momentum; volume support; relative strength,SPY NEUTRAL 58; QQQ BEARISH 26,1411.0,1372.29,1238.47,1504.2
20260731_170411,2026-07-31T17:04:11.140780+00:00,SAN.MC,WATCH,69,69,NEUTRAL,40,0,12.32,0.57,-0.81,17.7,56.5,1.04,2.03,TREND,32,16,7,14,0,0,strong trend; healthy momentum; volume support; relative strength,SPY NEUTRAL 58; QQQ BEARISH 26,12.05,11.61,10.34,12.51
20260731_170411,2026-07-31T17:04:11.140780+00:00,BLK,WATCH,68,68,NEUTRAL,40,0,1093.54,-0.44,9.82,4.25,61.5,0.15,2.2,TREND,28,22,0,18,0,0,strong trend; healthy momentum; relative strength,SPY NEUTRAL 58; QQQ BEARISH 26,1052.45,1033.4,1054.32,1202.59
20260731_170411,2026-07-31T17:04:11.140780+00:00,SIE.DE,WATCH,68,68,NEUTRAL,40,0,282.65,0.55,-0.51,6.68,64.0,1.27,1.76,MIXED,26,16,12,14,0,0,strong trend; healthy momentum; volume support; relative strength,SPY NEUTRAL 58; QQQ BEARISH 26,272.03,272.03,248.31,284.1
20260731_170411,2026-07-31T17:04:11.140780+00:00,CBA.AX,WATCH,67,67,NEUTRAL,40,0,177.53,-0.4,7.58,-0.95,72.5,1.31,0.74,TREND,32,13,12,14,0,-4,strong trend; volume support; relative strength,SPY NEUTRAL 58; QQQ BEARISH 26,171.99,166.44,166.08,183.52
20260731_170411,2026-07-31T17:04:11.140780+00:00,MFC.TO,WATCH,67,67,NEUTRAL,40,0,62.92,0.83,6.95,15.49,74.5,0.26,1.11,TREND,32,21,0,18,0,-4,strong trend; healthy momentum; relative strength,SPY NEUTRAL 58; QQQ BEARISH 26,60.38,57.43,51.52,62.95
20260731_170411,2026-07-31T17:04:11.140780+00:00,RTX,WATCH,67,67,NEUTRAL,40,0,214.85,0.22,7.83,24.28,73.6,0.22,2.04,TREND,32,21,0,18,0,-4,strong trend; healthy momentum; relative strength,SPY NEUTRAL 58; QQQ BEARISH 26,202.41,190.44,187.85,218.58
20260731_170411,2026-07-31T17:04:11.140780+00:00,TMO,WATCH,67,67,NEUTRAL,40,0,570.93,-1.01,9.07,22.32,67.8,0.41,2.35,TREND,28,26,0,13,0,0,strong trend; healthy momentum; relative strength,SPY NEUTRAL 58; QQQ BEARISH 26,542.32,504.74,530.7,639.45
20260731_170411,2026-07-31T17:04:11.140780+00:00,XLP,WATCH,67,67,NEUTRAL,40,0,85.29,-0.2,0.36,1.47,52.7,0.58,1.28,TREND,32,17,0,18,0,0,strong trend; healthy momentum; relative strength,SPY NEUTRAL 58; QQQ BEARISH 26,84.72,84.26,82.36,90.01
20260731_170411,2026-07-31T17:04:11.140780+00:00,XLRE,WATCH,67,67,NEUTRAL,40,0,45.15,-0.34,1.04,2.21,55.5,0.67,0.98,TREND,32,17,0,18,0,0,strong trend; healthy momentum; relative strength,SPY NEUTRAL 58; QQQ BEARISH 26,45.06,44.69,42.67,46.01
20260731_170411,2026-07-31T17:04:11.140780+00:00,0005.HK,WATCH,66,66,NEUTRAL,40,0,164.5,-0.12,10.03,14.71,80.2,1.53,0.89,TREND,32,12,12,18,0,-8,strong trend; volume support; relative strength; overextended,SPY NEUTRAL 58; QQQ BEARISH 26,157.03,149.84,130.94,164.7
20260731_170411,2026-07-31T17:04:11.140780+00:00,7267.T,WATCH,66,66,NEUTRAL,40,0,1670.0,-1.1,13.41,32.28,75.5,1.25,2.14,TREND,28,12,12,18,0,-4,strong trend; volume support; relative strength,SPY NEUTRAL 58; QQQ BEARISH 26,1557.75,1481.96,1483.39,1702.5
20260731_170411,2026-07-31T17:04:11.140780+00:00,9432.T,WATCH,66,66,NEUTRAL,40,0,159.0,-0.81,11.34,4.61,74.5,1.02,1.04,TREND,28,17,7,18,0,-4,strong trend; healthy momentum; volume support; relative strength,SPY NEUTRAL 58; QQQ BEARISH 26,150.97,148.84,153.35,165.5
20260731_170411,2026-07-31T17:04:11.140780+00:00,9433.T,WATCH,66,66,NEUTRAL,40,0,3051.0,-1.83,14.92,19.74,78.7,1.52,1.25,TREND,32,12,12,18,0,-8,strong trend; volume support; relative strength; overextended,SPY NEUTRAL 58; QQQ BEARISH 26,2860.5,2762.88,2660.43,3108.0
20260731_170411,2026-07-31T17:04:11.140780+00:00,SGE.L,WATCH,66,66,NEUTRAL,40,0,973.2,0.6,16.69,9.18,68.8,1.46,3.16,TREND,28,21,12,13,-4,-4,strong trend; healthy momentum; volume support; relative strength,SPY NEUTRAL 58; QQQ BEARISH 26,869.88,851.0,938.74,1198.5
20260731_170411,2026-07-31T17:04:11.140780+00:00,SU.TO,WATCH,66,66,NEUTRAL,40,0,93.87,0.36,20.18,6.78,71.3,0.38,1.78,TREND,32,16,0,18,0,0,strong trend; healthy momentum; relative strength,SPY NEUTRAL 58; QQQ BEARISH 26,87.77,85.43,76.29,95.81
20260731_170411,2026-07-31T17:04:11.140780+00:00,6501.T,WATCH,65,65,NEUTRAL,40,0,5255.0,6.01,16.88,9.59,72.2,2.01,2.42,RECOVERING,22,21,12,18,0,-8,strong trend; healthy momentum; volume support; relative strength; overextended,SPY NEUTRAL 58; QQQ BEARISH 26,4827.7,4851.98,4920.95,5818.0
20260731_170411,2026-07-31T17:04:11.140780+00:00,BAS.DE,WATCH,65,65,NEUTRAL,40,0,50.4,-1.64,5.48,-2.42,58.9,1.08,1.52,RECOVERING,26,18,7,14,0,0,strong trend; healthy momentum; volume support; relative strength,SPY NEUTRAL 58; QQQ BEARISH 26,48.64,49.02,47.84,54.74
20260731_170411,2026-07-31T17:04:11.140780+00:00,BP.L,WATCH,65,65,NEUTRAL,40,0,552.5,1.77,18.27,2.79,68.7,0.96,2.01,TREND,32,12,3,18,0,0,strong trend; relative strength,SPY NEUTRAL 58; QQQ BEARISH 26,517.42,513.39,494.43,606.3
20260731_170411,2026-07-31T17:04:11.140780+00:00,DGE.L,WATCH,65,65,NEUTRAL,40,0,1634.5,-0.55,6.55,6.54,63.6,0.86,2.08,TREND,28,26,3,8,0,0,strong trend; healthy momentum,SPY NEUTRAL 58; QQQ BEARISH 26,1569.83,1545.1,1607.04,2121.0
20260731_170411,2026-07-31T17:04:11.140780+00:00,HSBA.L,WATCH,65,65,NEUTRAL,40,0,1576.0,-0.69,8.61,18.02,75.9,1.0,1.12,TREND,32,12,7,18,0,-4,strong trend; volume support; relative strength,SPY NEUTRAL 58; QQQ BEARISH 26,1506.98,1443.04,1265.57,1587.0
20260731_170411,2026-07-31T17:04:11.140780+00:00,LLOY.L,WATCH,65,65,NEUTRAL,40,0,114.7,-0.82,-0.3,17.08,59.4,0.96,1.6,TREND,32,16,3,14,0,0,strong trend; healthy momentum; relative strength,SPY NEUTRAL 58; QQQ BEARISH 26,112.87,107.76,99.76,115.65
20260731_170411,2026-07-31T17:04:11.140780+00:00,NOVN.SW,WATCH,65,65,NEUTRAL,40,0,126.6,-0.14,-1.03,9.48,54.9,0.95,1.34,TREND,32,16,3,14,0,0,strong trend; healthy momentum; relative strength,SPY NEUTRAL 58; QQQ BEARISH 26,125.71,122.63,115.97,130.5
20260731_170411,2026-07-31T17:04:11.140780+00:00,ULVR.L,WATCH,65,65,NEUTRAL,40,0,4743.0,-2.21,2.66,10.05,57.2,0.94,2.36,TREND,28,21,3,13,0,0,strong trend; healthy momentum; relative strength,SPY NEUTRAL 58; QQQ BEARISH 26,4658.68,4481.53,4694.23,5472.0
20260731_170411,2026-07-31T17:04:11.140780+00:00,DBC,WATCH,64,64,NEUTRAL,40,0,29.38,0.19,10.56,-5.85,59.8,0.48,1.57,TREND,32,18,0,14,0,0,strong trend; healthy momentum; relative strength,SPY NEUTRAL 58; QQQ BEARISH 26,28.76,28.66,26.27,31.69
20260731_170411,2026-07-31T17:04:11.140780+00:00,ENI.MI,WATCH,64,64,NEUTRAL,40,0,23.98,0.33,17.29,5.31,72.0,0.97,2.35,RECOVERING,26,21,3,18,0,-4,strong trend; healthy momentum; relative strength,SPY NEUTRAL 58; QQQ BEARISH 26,21.94,22.03,19.76,24.89
20260731_170411,2026-07-31T17:04:11.140780+00:00,EXPN.L,WATCH,64,64,NEUTRAL,40,0,2790.0,-3.73,6.41,4.36,59.5,1.41,2.43,TREND,22,22,12,8,0,0,strong trend; healthy momentum; volume support,SPY NEUTRAL 58; QQQ BEARISH 26,2717.9,2627.54,2906.88,3982.0
20260731_170411,2026-07-31T17:04:11.140780+00:00,TTE.PA,WATCH,64,64,NEUTRAL,40,0,76.42,1.12,14.16,0.82,70.6,0.97,1.52,RECOVERING,26,17,3,18,0,0,strong trend; healthy momentum; relative strength,SPY NEUTRAL 58; QQQ BEARISH 26,72.01,72.76,66.65,81.02
20260731_170411,2026-07-31T17:04:11.140780+00:00,XLE,WATCH,64,64,NEUTRAL,40,0,59.01,0.08,10.87,-0.75,65.6,0.42,1.31,TREND,32,18,0,14,0,0,strong trend; healthy momentum; relative strength,SPY NEUTRAL 58; QQQ BEARISH 26,57.27,56.66,52.61,62.56
20260731_170411,2026-07-31T17:04:11.140780+00:00,BKNG,WATCH,63,63,NEUTRAL,40,0,193.92,0.35,5.07,15.68,65.2,0.31,2.87,TREND,28,26,0,13,-4,0,strong trend; healthy momentum; relative strength,SPY NEUTRAL 58; QQQ BEARISH 26,182.62,174.94,185.44,228.83
20260731_170411,2026-07-31T17:04:11.140780+00:00,BNS.TO,WATCH,63,63,NEUTRAL,40,0,123.42,0.26,0.84,15.43,47.1,0.12,1.33,MIXED,24,21,0,18,0,0,strong trend; healthy momentum; relative strength,SPY NEUTRAL 58; QQQ BEARISH 26,123.44,119.45,104.55,126.86
20260731_170411,2026-07-31T17:04:11.140780+00:00,CVX,WATCH,63,63,NEUTRAL,40,0,195.2,1.5,15.37,1.33,72.7,0.58,1.48,TREND,32,17,0,18,0,-4,strong trend; healthy momentum; relative strength,SPY NEUTRAL 58; QQQ BEARISH 26,185.26,182.72,175.37,211.15
20260731_170411,2026-07-31T17:04:11.140780+00:00,RY.TO,WATCH,63,63,NEUTRAL,40,0,295.59,0.41,1.79,19.32,47.4,0.26,1.33,MIXED,24,21,0,18,0,0,strong trend; healthy momentum; relative strength,SPY NEUTRAL 58; QQQ BEARISH 26,297.21,285.03,242.1,305.74
20260731_170411,2026-07-31T17:04:11.140780+00:00,VOD.L,WATCH,63,63,NEUTRAL,40,0,117.85,-1.34,19.4,0.34,52.6,0.6,3.64,TREND,32,17,0,18,-4,0,strong trend; healthy momentum; relative strength,SPY NEUTRAL 58; QQQ BEARISH 26,113.08,110.35,105.98,123.25
20260731_170411,2026-07-31T17:04:11.140780+00:00,AMZN,WATCH,62,62,NEUTRAL,40,0,271.25,15.18,11.78,-0.84,63.9,1.93,3.87,RECOVERING,26,18,12,14,-4,-4,strong trend; healthy momentum; volume support; relative strength,SPY NEUTRAL 58; QQQ BEARISH 26,243.84,246.62,235.01,274.99
20260731_170411,2026-07-31T17:04:11.140780+00:00,DIA,WATCH,62,62,NEUTRAL,40,0,523.92,0.46,-0.75,6.28,49.4,0.71,0.8,TREND,32,16,0,14,0,0,strong trend; healthy momentum; relative strength,SPY NEUTRAL 58; QQQ BEARISH 26,522.85,517.06,490.6,530.09
20260731_170411,2026-07-31T17:04:11.140780+00:00,EIRL,WATCH,62,62,NEUTRAL,40,0,79.42,-0.6,-0.11,8.82,54.9,0.39,0.96,TREND,32,16,0,14,0,0,strong trend; healthy momentum; relative strength,SPY NEUTRAL 58; QQQ BEARISH 26,79.21,77.88,73.36,80.56
20260731_170411,2026-07-31T17:04:11.140780+00:00,EWO,WATCH,62,62,NEUTRAL,40,0,42.38,-0.31,-0.61,8.92,55.0,0.08,1.33,TREND,32,16,0,14,0,0,strong trend; healthy momentum; relative strength,SPY NEUTRAL 58; QQQ BEARISH 26,42.05,41.64,37.13,43.14
20260731_170411,2026-07-31T17:04:11.140780+00:00,EWU,WATCH,62,62,NEUTRAL,40,0,48.44,-0.48,2.72,4.29,71.3,0.26,0.82,TREND,32,12,0,18,0,0,strong trend; relative strength,SPY NEUTRAL 58; QQQ BEARISH 26,47.09,46.71,45.51,48.68
20260731_170411,2026-07-31T17:04:11.140780+00:00,GE,WATCH,62,62,NEUTRAL,40,0,360.5,1.54,-4.51,25.75,54.5,0.32,1.99,TREND,32,16,0,14,0,0,strong trend; healthy momentum; relative strength,SPY NEUTRAL 58; QQQ BEARISH 26,354.97,345.17,315.09,378.68
20260731_170411,2026-07-31T17:04:11.140780+00:00,IBN,WATCH,62,62,NEUTRAL,40,0,30.05,-0.69,1.9,15.49,59.1,0.4,1.34,TREND,28,21,0,13,0,0,strong trend; healthy momentum; relative strength,SPY NEUTRAL 58; QQQ BEARISH 26,29.6,28.2,29.01,33.7
20260731_170411,2026-07-31T17:04:11.140780+00:00,WES.AX,WATCH,62,62,NEUTRAL,40,0,89.36,0.16,1.26,21.26,42.5,1.03,1.25,MIXED,24,13,7,18,0,0,strong trend; volume support; relative strength,SPY NEUTRAL 58; QQQ BEARISH 26,90.18,86.23,81.45,94.76
20260731_170411,2026-07-31T17:04:11.140780+00:00,XLV,WATCH,62,62,NEUTRAL,40,0,162.62,-0.55,-0.68,11.92,52.6,0.64,1.22,TREND,32,16,0,14,0,0,strong trend; healthy momentum; relative strength,SPY NEUTRAL 58; QQQ BEARISH 26,161.93,156.33,152.44,167.26
20260731_170411,2026-07-31T17:04:11.140780+00:00,8001.T,WATCH,61,61,NEUTRAL,40,0,2023.5,-0.95,9.26,1.84,72.5,1.08,1.12,TREND,28,17,7,13,0,-4,strong trend; healthy momentum; volume support; relative strength,SPY NEUTRAL 58; QQQ BEARISH 26,1932.67,1896.6,1945.13,2270.0
20260731_170411,2026-07-31T17:04:11.140780+00:00,EWG,WATCH,61,61,NEUTRAL,40,0,42.81,-0.15,1.19,1.0,67.8,0.35,1.06,RECOVERING,26,17,0,18,0,0,strong trend; healthy momentum; relative strength,SPY NEUTRAL 58; QQQ BEARISH 26,41.61,41.95,41.89,44.56
20260731_170411,2026-07-31T17:04:11.140780+00:00,EWQ,WATCH,61,61,NEUTRAL,40,0,46.47,-0.01,1.19,2.98,66.0,0.51,0.94,RECOVERING,26,17,0,18,0,0,strong trend; healthy momentum; relative strength,SPY NEUTRAL 58; QQQ BEARISH 26,45.34,45.5,45.13,48.35
20260731_170411,2026-07-31T17:04:11.140780+00:00,MDLZ,WATCH,61,61,NEUTRAL,40,0,62.19,-1.41,2.1,1.35,57.8,0.32,2.15,RECOVERING,26,17,0,18,0,0,strong trend; healthy momentum; relative strength,SPY NEUTRAL 58; QQQ BEARISH 26,60.54,61.03,58.63,64.99
20260731_170411,2026-07-31T17:04:11.140780+00:00,WBC.AX,WATCH,61,61,NEUTRAL,40,0,37.87,-0.73,6.11,-3.74,64.5,1.25,0.91,TREND,22,18,12,9,0,0,strong trend; healthy momentum; volume support,SPY NEUTRAL 58; QQQ BEARISH 26,36.82,36.03,38.47,42.95
20260731_170411,2026-07-31T17:04:11.140780+00:00,6861.T,WATCH,60,60,NEUTRAL,40,0,78970.0,1.78,-3.26,3.28,56.7,1.62,3.22,RECOVERING,26,12,12,14,-4,0,strong trend; volume support; relative strength,SPY NEUTRAL 58; QQQ BEARISH 26,75526.5,76509.8,64174.2,84170.0
20260731_170411,2026-07-31T17:04:11.140780+00:00,CPG.L,WATCH,60,60,NEUTRAL,40,0,31.71,-0.72,-3.06,8.28,45.7,1.22,2.14,RECOVERING,18,16,12,14,0,0,developing trend; healthy momentum; volume support; relative strength,SPY NEUTRAL 58; QQQ BEARISH 26,31.67,32.12,26.48,34.18
20260731_170411,2026-07-31T17:04:11.140780+00:00,ITUB,WATCH,59,59,NEUTRAL,40,0,8.45,0.12,4.06,-1.4,49.3,0.28,1.76,TREND,32,18,0,9,0,0,strong trend; healthy momentum,SPY NEUTRAL 58; QQQ BEARISH 26,8.35,8.07,8.01,9.57
20260731_170411,2026-07-31T17:04:11.140780+00:00,NTR.TO,WATCH,59,59,NEUTRAL,40,0,98.06,-1.04,6.68,-2.73,59.5,0.18,1.57,TREND,32,18,0,9,0,0,strong trend; healthy momentum,SPY NEUTRAL 58; QQQ BEARISH 26,95.31,93.39,92.81,114.41
20260731_170411,2026-07-31T17:04:11.140780+00:00,SBUX,WATCH,59,59,NEUTRAL,40,0,105.23,-0.59,0.92,0.28,43.0,0.73,1.43,TREND,32,9,0,18,0,0,strong trend; relative strength,SPY NEUTRAL 58; QQQ BEARISH 26,104.81,102.34,94.89,108.37
20260731_170411,2026-07-31T17:04:11.140780+00:00,VOO,WATCH,59,59,NEUTRAL,40,0,685.03,0.48,0.03,2.97,47.1,0.58,0.78,MIXED,24,17,0,18,0,0,strong trend; healthy momentum; relative strength,SPY NEUTRAL 58; QQQ BEARISH 26,685.34,684.98,644.04,698.26
20260731_170411,2026-07-31T17:04:11.140780+00:00,6902.T,WATCH,58,58,NEUTRAL,40,0,2197.5,-0.48,17.48,15.93,86.7,1.42,1.9,TREND,28,12,12,18,0,-12,strong trend; volume support; relative strength; overextended,SPY NEUTRAL 58; QQQ BEARISH 26,1996.22,1928.09,2042.15,2315.0
20260731_170411,2026-07-31T17:04:11.140780+00:00,EWL,WATCH,58,58,NEUTRAL,40,0,63.14,-1.22,-1.31,3.32,55.0,0.45,0.88,TREND,32,12,0,14,0,0,strong trend; relative strength,SPY NEUTRAL 58; QQQ BEARISH 26,62.85,62.45,60.48,65.08
20260731_170411,2026-07-31T17:04:11.140780+00:00,EWZ,WATCH,58,58,NEUTRAL,40,0,36.54,0.03,6.13,-7.98,60.1,0.96,1.51,TREND,28,18,3,9,0,0,strong trend; healthy momentum,SPY NEUTRAL 58; QQQ BEARISH 26,35.64,35.19,35.42,41.73
20260731_170411,2026-07-31T17:04:11.140780+00:00,BARC.L,WATCH,57,57,NEUTRAL,40,0,508.7,-0.43,-2.6,16.0,49.5,0.82,1.93,MIXED,24,16,3,14,0,0,strong trend; healthy momentum; relative strength,SPY NEUTRAL 58; QQQ BEARISH 26,516.39,495.56,450.73,530.4
20260731_170411,2026-07-31T17:04:11.140780+00:00,EWD,WATCH,57,57,NEUTRAL,40,0,52.4,-0.17,3.8,2.99,72.4,0.05,1.07,RECOVERING,26,17,0,18,0,-4,strong trend; healthy momentum; relative strength,SPY NEUTRAL 58; QQQ BEARISH 26,50.54,50.83,50.4,54.72
20260731_170411,2026-07-31T17:04:11.140780+00:00,INDA,WATCH,57,57,NEUTRAL,40,0,49.83,0.25,0.53,1.35,61.1,0.54,0.91,TREND,22,17,0,18,0,0,strong trend; healthy momentum; relative strength,SPY NEUTRAL 58; QQQ BEARISH 26,48.91,48.72,51.0,55.29
20260731_170411,2026-07-31T17:04:11.140780+00:00,8058.T,WATCH,56,56,NEUTRAL,40,0,4777.0,-0.87,9.97,-8.47,68.0,0.91,1.86,RECOVERING,26,18,3,9,0,0,strong trend; healthy momentum,SPY NEUTRAL 58; QQQ BEARISH 26,4611.8,4712.26,4488.24,5882.0
20260731_170411,2026-07-31T17:04:11.140780+00:00,BHP.AX,WATCH,56,56,NEUTRAL,40,0,60.31,1.96,-0.31,3.06,56.5,1.61,1.97,RECOVERING,18,12,12,14,0,0,developing trend; volume support; relative strength,SPY NEUTRAL 58; QQQ BEARISH 26,59.0,60.44,52.18,65.59
20260731_170411,2026-07-31T17:04:11.140780+00:00,KER.PA,WATCH,56,56,NEUTRAL,40,0,284.2,-2.22,14.39,15.58,67.1,1.11,4.42,RECOVERING,22,26,7,13,-8,-4,strong trend; healthy momentum; volume support; relative strength; volatility risk,SPY NEUTRAL 58; QQQ BEARISH 26,254.43,255.9,272.65,344.95
20260731_170411,2026-07-31T17:04:11.140780+00:00,CSL.AX,WATCH,55,55,NEUTRAL,40,0,123.06,-3.81,1.03,0.87,52.7,1.53,2.36,TREND,22,17,12,4,0,0,strong trend; healthy momentum; volume support,SPY NEUTRAL 58; QQQ BEARISH 26,121.96,112.36,148.0,271.32
20260731_170411,2026-07-31T17:04:11.140780+00:00,FXB,WATCH,55,55,NEUTRAL,40,0,129.56,-0.02,1.07,-0.46,60.6,0.34,0.41,TREND,28,13,0,14,0,0,strong trend; relative strength,SPY NEUTRAL 58; QQQ BEARISH 26,128.74,128.52,128.82,133.09
20260731_170411,2026-07-31T17:04:11.140780+00:00,III.L,WATCH,55,55,NEUTRAL,40,0,2864.0,0.6,9.69,9.38,62.5,0.81,2.04,TREND,22,26,3,4,0,0,strong trend; healthy momentum,SPY NEUTRAL 58; QQQ BEARISH 26,2687.25,2462.14,2999.19,4459.0
20260731_170411,2026-07-31T17:04:11.140780+00:00,REL.L,WATCH,55,55,NEUTRAL,40,0,2607.0,-2.54,11.7,4.83,57.4,1.06,2.98,TREND,22,22,7,8,-4,0,strong trend; healthy momentum; volume support,SPY NEUTRAL 58; QQQ BEARISH 26,2529.05,2475.0,2712.37,3904.0
20260731_170411,2026-07-31T17:04:11.140780+00:00,ABBV,IGNORE,54,54,NEUTRAL,40,0,252.5,-1.91,-3.28,22.51,54.8,0.48,1.59,MIXED,24,16,0,14,0,0,strong trend; healthy momentum; relative strength,SPY NEUTRAL 58; QQQ BEARISH 26,253.91,238.1,224.7,263.3
20260731_170411,2026-07-31T17:04:11.140780+00:00,IJR,IGNORE,54,54,NEUTRAL,40,0,145.53,0.02,-0.65,5.37,52.2,0.48,0.75,MIXED,24,16,0,14,0,0,strong trend; healthy momentum; relative strength,SPY NEUTRAL 58; QQQ BEARISH 26,145.55,143.19,130.26,148.31
20260731_170411,2026-07-31T17:04:11.140780+00:00,JNJ,IGNORE,54,54,NEUTRAL,40,0,257.47,0.64,-2.12,14.15,49.7,0.33,1.72,MIXED,24,16,0,14,0,0,strong trend; healthy momentum; relative strength,SPY NEUTRAL 58; QQQ BEARISH 26,257.85,245.22,226.44,267.24
20260731_170411,2026-07-31T17:04:11.140780+00:00,PBR,IGNORE,54,54,NEUTRAL,40,0,19.31,0.99,19.86,-11.3,66.5,0.39,1.98,TREND,32,13,0,9,0,0,strong trend,SPY NEUTRAL 58; QQQ BEARISH 26,18.0,17.87,16.25,22.03
20260731_170411,2026-07-31T17:04:11.140780+00:00,TD.TO,IGNORE,54,54,NEUTRAL,40,0,168.87,0.66,-0.67,13.99,46.6,0.12,1.41,MIXED,24,16,0,14,0,0,strong trend; healthy momentum; relative strength,SPY NEUTRAL 58; QQQ BEARISH 26,170.26,165.91,138.46,175.27
20260731_170411,2026-07-31T17:04:11.140780+00:00,WFC,IGNORE,54,54,NEUTRAL,40,0,86.51,1.26,1.17,8.29,46.6,0.2,1.65,MIXED,20,21,0,13,0,0,developing trend; healthy momentum; relative strength,SPY NEUTRAL 58; QQQ BEARISH 26,86.66,83.44,84.81,96.39
20260731_170411,2026-07-31T17:04:11.140780+00:00,XOM,IGNORE,54,54,NEUTRAL,40,0,153.93,-1.94,12.28,-0.61,69.3,0.46,1.76,TREND,32,13,0,9,0,0,strong trend,SPY NEUTRAL 58; QQQ BEARISH 26,148.34,146.36,139.15,171.47
20260731_170411,2026-07-31T17:04:11.140780+00:00,6758.T,IGNORE,53,53,NEUTRAL,40,0,3809.0,0.0,17.2,21.81,80.3,1.45,1.78,TREND,28,12,12,13,0,-12,strong trend; volume support; relative strength; overextended,SPY NEUTRAL 58; QQQ BEARISH 26,3475.05,3423.2,3708.31,4700.0
20260731_170411,2026-07-31T17:04:11.140780+00:00,9618.HK,IGNORE,53,53,NEUTRAL,40,0,128.7,1.98,25.19,10.19,83.6,1.55,1.66,TREND,28,7,12,18,0,-12,strong trend; volume support; relative strength; overextended,SPY NEUTRAL 58; QQQ BEARISH 26,115.59,113.28,115.39,142.8
20260731_170411,2026-07-31T17:04:11.140780+00:00,EWW,IGNORE,53,53,NEUTRAL,40,0,77.05,-0.08,2.05,-0.66,65.3,0.57,1.17,RECOVERING,26,13,0,14,0,0,strong trend; relative strength,SPY NEUTRAL 58; QQQ BEARISH 26,75.58,76.33,74.08,81.23
20260731_170411,2026-07-31T17:04:11.140780+00:00,HON,IGNORE,52,52,NEUTRAL,40,0,243.88,0.81,6.1,11.23,75.5,0.21,1.87,RECOVERING,26,12,0,18,0,-4,strong trend; relative strength,SPY NEUTRAL 58; QQQ BEARISH 26,232.19,233.83,227.42,260.14
20260731_170411,2026-07-31T17:04:11.140780+00:00,IMB.L,IGNORE,52,52,NEUTRAL,40,0,2825.0,-0.6,1.18,1.94,63.5,0.64,1.6,TREND,22,17,0,13,0,0,strong trend; healthy momentum; relative strength,SPY NEUTRAL 58; QQQ BEARISH 26,2794.35,2775.38,3005.33,3341.0
20260731_170411,2026-07-31T17:04:11.140780+00:00,MELI,IGNORE,52,52,NEUTRAL,40,0,1879.39,-0.34,6.58,3.42,52.5,0.41,1.27,TREND,22,22,0,8,0,0,strong trend; healthy momentum,SPY NEUTRAL 58; QQQ BEARISH 26,1835.48,1727.3,1892.47,2510.97
20260731_170411,2026-07-31T17:04:11.140780+00:00,NU,IGNORE,52,52,NEUTRAL,40,0,14.4,-0.62,5.8,1.05,59.5,0.18,2.3,TREND,22,22,0,8,0,0,strong trend; healthy momentum,SPY NEUTRAL 58; QQQ BEARISH 26,14.03,13.19,15.12,18.76
20260731_170411,2026-07-31T17:04:11.140780+00:00,BATS.L,IGNORE,51,51,NEUTRAL,40,0,4570.0,0.09,-1.1,6.7,60.0,0.87,1.9,RECOVERING,18,16,3,14,0,0,developing trend; healthy momentum; relative strength,SPY NEUTRAL 58; QQQ BEARISH 26,4560.15,4572.14,4372.13,4962.0
20260731_170411,2026-07-31T17:04:11.140780+00:00,DBA,IGNORE,51,51,NEUTRAL,40,0,27.47,-0.05,2.71,-3.19,45.3,0.31,1.05,MIXED,24,13,0,14,0,0,strong trend; relative strength,SPY NEUTRAL 58; QQQ BEARISH 26,27.79,27.22,26.7,28.73
20260731_170411,2026-07-31T17:04:11.140780+00:00,FMX,IGNORE,50,50,NEUTRAL,40,0,127.3,0.43,-1.55,4.96,47.7,0.41,2.43,MIXED,24,12,0,14,0,0,strong trend; relative strength,SPY NEUTRAL 58; QQQ BEARISH 26,128.61,126.07,111.15,133.17
20260731_170411,2026-07-31T17:04:11.140780+00:00,IJH,IGNORE,50,50,NEUTRAL,40,0,75.43,0.1,-0.87,2.94,51.7,0.59,0.77,MIXED,24,12,0,14,0,0,strong trend; relative strength,SPY NEUTRAL 58; QQQ BEARISH 26,75.55,75.31,70.25,77.11
20260731_170411,2026-07-31T17:04:11.140780+00:00,MCHI,IGNORE,50,50,NEUTRAL,40,0,55.57,0.13,9.15,-2.88,71.9,1.3,1.2,RECOVERING,16,13,12,9,0,0,developing trend; volume support,SPY NEUTRAL 58; QQQ BEARISH 26,53.66,53.79,58.74,66.99
20260731_170411,2026-07-31T17:04:11.140780+00:00,MDY,IGNORE,50,50,NEUTRAL,40,0,687.76,0.08,-0.86,2.83,51.8,0.57,0.77,MIXED,24,12,0,14,0,0,strong trend; relative strength,SPY NEUTRAL 58; QQQ BEARISH 26,688.86,686.95,641.39,703.34
20260731_170411,2026-07-31T17:04:11.140780+00:00,REGN,IGNORE,50,50,NEUTRAL,40,0,744.91,0.89,13.85,6.07,76.0,0.52,2.22,TREND,28,12,0,18,0,-8,strong trend; relative strength; overextended,SPY NEUTRAL 58; QQQ BEARISH 26,675.41,643.33,709.64,812.27
20260731_170411,2026-07-31T17:04:11.140780+00:00,SAP.DE,IGNORE,50,50,NEUTRAL,40,0,157.68,1.13,12.92,7.85,64.9,1.22,3.58,RECOVERING,16,26,12,4,-4,-4,developing trend; healthy momentum; volume support,SPY NEUTRAL 58; QQQ BEARISH 26,142.43,144.5,173.77,254.75
20260731_170411,2026-07-31T17:04:11.140780+00:00,XLI,IGNORE,50,50,NEUTRAL,40,0,180.06,0.94,-2.09,4.44,49.1,0.35,1.08,MIXED,24,12,0,14,0,0,strong trend; relative strength,SPY NEUTRAL 58; QQQ BEARISH 26,180.64,178.45,167.29,185.56
20260731_170411,2026-07-31T17:04:11.140780+00:00,BBD,IGNORE,49,49,NEUTRAL,40,0,3.6,0.14,4.2,-6.38,48.8,0.51,1.86,TREND,22,18,0,9,0,0,strong trend; healthy momentum,SPY NEUTRAL 58; QQQ BEARISH 26,3.58,3.5,3.63,4.21
20260731_170411,2026-07-31T17:04:11.140780+00:00,CSU.TO,IGNORE,48,48,NEUTRAL,40,0,2998.76,-0.7,6.87,24.93,55.7,0.21,3.49,RECOVERING,22,26,0,4,-4,0,strong trend; healthy momentum,SPY NEUTRAL 58; QQQ BEARISH 26,2803.92,2822.73,2875.49,4801.81
20260731_170411,2026-07-31T17:04:11.140780+00:00,NOW,IGNORE,48,48,NEUTRAL,40,0,110.93,0.78,4.34,20.56,49.7,0.46,3.95,TREND,22,26,0,4,-4,0,strong trend; healthy momentum,SPY NEUTRAL 58; QQQ BEARISH 26,105.85,105.62,124.92,192.23
20260731_170411,2026-07-31T17:04:11.140780+00:00,7974.T,IGNORE,47,47,NEUTRAL,40,0,8145.0,1.99,16.69,7.21,74.9,1.42,2.34,TREND,22,21,12,4,0,-12,strong trend; healthy momentum; volume support; overextended,SPY NEUTRAL 58; QQQ BEARISH 26,7220.8,7177.24,9569.16,14655.0
20260731_170411,2026-07-31T17:04:11.140780+00:00,CP.TO,IGNORE,47,47,NEUTRAL,40,0,125.23,1.56,0.39,6.82,40.0,0.39,1.4,MIXED,16,13,0,18,0,0,developing trend; relative strength,SPY NEUTRAL 58; QQQ BEARISH 26,128.11,125.36,111.95,131.34
20260731_170411,2026-07-31T17:04:11.140780+00:00,EWK,IGNORE,47,47,NEUTRAL,40,0,26.95,0.0,-1.1,3.18,69.7,0.63,0.72,RECOVERING,26,7,0,14,0,0,strong trend; relative strength,SPY NEUTRAL 58; QQQ BEARISH 26,26.59,26.79,25.48,27.68
20260731_170411,2026-07-31T17:04:11.140780+00:00,TRP.TO,IGNORE,47,47,NEUTRAL,40,0,94.75,-0.59,0.04,5.94,44.6,0.1,1.3,MIXED,16,13,0,18,0,0,developing trend; relative strength,SPY NEUTRAL 58; QQQ BEARISH 26,96.71,96.21,84.78,99.6
20260731_170411,2026-07-31T17:04:11.140780+00:00,GS,IGNORE,46,46,NEUTRAL,40,0,1022.24,-0.26,0.12,11.25,47.1,0.37,3.26,MIXED,16,21,0,13,-4,0,developing trend; healthy momentum; relative strength,SPY NEUTRAL 58; QQQ BEARISH 26,1061.09,1049.46,916.5,1152.07
20260731_170411,2026-07-31T17:04:11.140780+00:00,IBB,IGNORE,46,46,NEUTRAL,40,0,185.87,-2.16,-5.03,9.11,42.3,0.4,1.2,MIXED,24,8,0,14,0,0,strong trend; relative strength,SPY NEUTRAL 58; QQQ BEARISH 26,190.49,180.96,171.61,198.23
20260731_170411,2026-07-31T17:04:11.140780+00:00,UNH,IGNORE,46,46,NEUTRAL,40,0,419.08,-0.57,-1.48,15.17,43.7,0.23,1.63,MIXED,24,8,0,14,0,0,strong trend; relative strength,SPY NEUTRAL 58; QQQ BEARISH 26,424.57,410.26,344.71,436.35
20260731_170411,2026-07-31T17:04:11.140780+00:00,GLEN.L,IGNORE,45,45,NEUTRAL,40,0,543.0,0.74,5.72,-3.79,61.1,0.6,2.28,RECOVERING,18,18,0,9,0,0,developing trend; healthy momentum,SPY NEUTRAL 58; QQQ BEARISH 26,520.69,545.48,486.54,615.0
20260731_170411,2026-07-31T17:04:11.140780+00:00,IGV,IGNORE,45,45,NEUTRAL,40,0,94.13,0.88,0.6,6.64,54.6,0.36,1.5,RECOVERING,16,21,0,8,0,0,developing trend; healthy momentum,SPY NEUTRAL 58; QQQ BEARISH 26,92.29,92.88,94.73,117.79
20260731_170411,2026-07-31T17:04:11.140780+00:00,ACWI,IGNORE,44,44,NEUTRAL,40,0,156.03,0.24,-0.08,2.42,50.3,0.54,0.9,RECOVERING,18,12,0,14,0,0,developing trend; relative strength,SPY NEUTRAL 58; QQQ BEARISH 26,155.78,156.19,147.0,159.97
20260731_170411,2026-07-31T17:04:11.140780+00:00,CSCO,IGNORE,44,44,NEUTRAL,40,0,115.64,1.84,2.62,22.63,42.6,0.35,2.07,RECOVERING,18,13,0,13,0,0,developing trend; relative strength,SPY NEUTRAL 58; QQQ BEARISH 26,114.14,117.66,89.51,130.0
20260731_170411,2026-07-31T17:04:11.140780+00:00,USO,IGNORE,44,44,NEUTRAL,40,0,129.23,1.37,24.28,-10.36,60.0,0.36,3.98,RECOVERING,26,13,0,9,-4,0,strong trend,SPY NEUTRAL 58; QQQ BEARISH 26,121.96,123.3,100.21,152.96
20260731_170411,2026-07-31T17:04:11.140780+00:00,VEA,IGNORE,44,44,NEUTRAL,40,0,70.72,-0.52,-0.13,2.52,55.6,0.54,1.2,RECOVERING,18,12,0,14,0,0,developing trend; relative strength,SPY NEUTRAL 58; QQQ BEARISH 26,70.28,70.78,66.34,72.39
20260731_170411,2026-07-31T17:04:11.140780+00:00,VRTX,IGNORE,44,44,NEUTRAL,40,0,475.62,-1.26,-9.93,12.08,46.3,0.24,1.51,MIXED,24,11,0,9,0,0,strong trend,SPY NEUTRAL 58; QQQ BEARISH 26,486.65,468.27,452.93,529.59
20260731_170411,2026-07-31T17:04:11.140780+00:00,VT,IGNORE,44,44,NEUTRAL,40,0,155.77,0.21,-0.26,2.4,49.9,0.61,0.89,RECOVERING,18,12,0,14,0,0,developing trend; relative strength,SPY NEUTRAL 58; QQQ BEARISH 26,155.63,156.0,146.79,159.35
20260731_170411,2026-07-31T17:04:11.140780+00:00,0388.HK,IGNORE,43,43,NEUTRAL,40,0,407.2,-0.15,10.77,-1.88,73.0,0.88,0.92,TREND,22,13,3,9,0,-4,strong trend,SPY NEUTRAL 58; QQQ BEARISH 26,392.64,389.94,410.0,462.8
20260731_170411,2026-07-31T17:04:11.140780+00:00,0700.HK,IGNORE,43,43,NEUTRAL,40,0,471.8,1.16,9.67,-0.25,53.6,0.92,3.08,TREND,22,18,3,4,-4,0,strong trend; healthy momentum,SPY NEUTRAL 58; QQQ BEARISH 26,459.35,449.46,540.81,677.5
20260731_170411,2026-07-31T17:04:11.140780+00:00,7203.T,IGNORE,43,43,NEUTRAL,40,0,3126.0,-3.04,14.74,4.2,72.5,3.15,2.27,TREND,22,17,0,8,0,-4,strong trend; healthy momentum,SPY NEUTRAL 58; QQQ BEARISH 26,2920.45,2875.28,3189.79,3944.0
20260731_170411,2026-07-31T17:04:11.140780+00:00,ABT,IGNORE,43,43,NEUTRAL,40,0,105.43,-0.17,10.51,20.95,73.2,0.23,2.85,TREND,22,21,0,8,-4,-4,strong trend; healthy momentum,SPY NEUTRAL 58; QQQ BEARISH 26,99.07,93.3,108.35,136.62
20260731_170411,2026-07-31T17:04:11.140780+00:00,ENB.TO,IGNORE,43,43,NEUTRAL,40,0,77.01,-0.86,0.4,4.05,44.0,0.4,1.13,MIXED,16,9,0,18,0,0,developing trend; relative strength,SPY NEUTRAL 58; QQQ BEARISH 26,78.26,78.12,71.74,80.21
20260731_170411,2026-07-31T17:04:11.140780+00:00,ENEL.MI,IGNORE,42,42,NEUTRAL,40,0,9.8,-0.44,-4.49,1.81,36.6,1.45,1.18,MIXED,16,0,12,14,0,0,developing trend; volume support; relative strength,SPY NEUTRAL 58; QQQ BEARISH 26,10.01,9.89,9.42,10.28
20260731_170411,2026-07-31T17:04:11.140780+00:00,IWM,IGNORE,42,42,NEUTRAL,40,0,291.17,-0.49,-2.15,3.05,45.8,0.78,0.85,MIXED,16,12,0,14,0,0,developing trend; relative strength,SPY NEUTRAL 58; QQQ BEARISH 26,293.99,292.49,265.86,300.45
20260731_170411,2026-07-31T17:04:11.140780+00:00,VTI,IGNORE,42,42,NEUTRAL,40,0,367.71,0.39,-0.28,3.0,46.7,0.59,0.77,MIXED,16,12,0,14,0,0,developing trend; relative strength,SPY NEUTRAL 58; QQQ BEARISH 26,368.21,367.85,345.34,374.36
20260731_170411,2026-07-31T17:04:11.140780+00:00,AAPL,IGNORE,41,41,NEUTRAL,40,0,301.55,-9.56,-2.29,6.11,41.5,1.35,2.71,MIXED,16,8,12,9,-4,0,developing trend; volume support,SPY NEUTRAL 58; QQQ BEARISH 26,324.0,309.35,277.92,340.08
20260731_170411,2026-07-31T17:04:11.140780+00:00,AVGO,IGNORE,41,41,NEUTRAL,40,0,389.17,0.34,7.97,-8.94,52.4,0.44,2.77,RECOVERING,18,18,0,9,-4,0,developing trend; healthy momentum,SPY NEUTRAL 58; QQQ BEARISH 26,384.72,395.31,365.94,481.57
20260731_170411,2026-07-31T17:04:11.140780+00:00,FXY,IGNORE,41,41,NEUTRAL,40,0,57.57,-0.02,1.09,-1.07,72.5,1.06,0.65,RECOVERING,16,8,7,14,0,-4,developing trend; volume support; relative strength,SPY NEUTRAL 58; QQQ BEARISH 26,56.48,56.9,58.28,62.82
20260731_170411,2026-07-31T17:04:11.140780+00:00,IBE.MC,IGNORE,41,41,NEUTRAL,40,0,20.65,0.63,-5.1,6.14,37.7,1.03,1.14,MIXED,16,4,7,14,0,0,developing trend; volume support; relative strength,SPY NEUTRAL 58; QQQ BEARISH 26,21.04,20.72,19.35,21.84
20260731_170411,2026-07-31T17:04:11.140780+00:00,MBG.DE,IGNORE,41,41,NEUTRAL,40,0,46.73,-0.79,3.29,-6.78,67.2,0.96,1.52,RECOVERING,16,18,3,4,0,0,developing trend; healthy momentum,SPY NEUTRAL 58; QQQ BEARISH 26,45.35,46.68,53.62,61.93
20260731_170411,2026-07-31T17:04:11.140780+00:00,ADBE,IGNORE,40,40,NEUTRAL,40,0,248.39,0.2,13.05,-2.83,57.5,0.48,3.58,TREND,22,18,0,4,-4,0,strong trend; healthy momentum,SPY NEUTRAL 58; QQQ BEARISH 26,230.98,228.3,276.44,367.46
20260731_170411,2026-07-31T17:04:11.140780+00:00,BA.L,IGNORE,40,40,NEUTRAL,40,0,2094.0,2.15,5.68,4.65,85.5,0.85,1.89,TREND,28,8,3,13,0,-12,strong trend; relative strength; overextended,SPY NEUTRAL 58; QQQ BEARISH 26,1933.64,1914.18,1954.24,2331.0
20260731_170411,2026-07-31T17:04:11.140780+00:00,EWN,IGNORE,40,40,NEUTRAL,40,0,67.06,-0.59,-0.75,5.7,49.9,0.19,1.65,MIXED,10,16,0,14,0,0,healthy momentum; relative strength,SPY NEUTRAL 58; QQQ BEARISH 26,67.2,67.7,62.07,70.84
20260731_170411,2026-07-31T17:04:11.140780+00:00,IHG.L,IGNORE,40,40,NEUTRAL,40,0,160.7,-0.16,-4.09,8.54,44.1,0.51,1.47,RECOVERING,18,8,0,14,0,0,developing trend; relative strength,SPY NEUTRAL 58; QQQ BEARISH 26,160.06,162.71,143.23,172.75
20260731_170411,2026-07-31T17:04:11.140780+00:00,RIO.L,IGNORE,40,40,NEUTRAL,40,0,7174.0,0.53,1.47,-7.91,67.5,0.64,2.03,RECOVERING,18,13,0,9,0,0,developing trend,SPY NEUTRAL 58; QQQ BEARISH 26,6840.7,7289.84,6670.59,8308.0
20260731_170411,2026-07-31T17:04:11.140780+00:00,3690.HK,IGNORE,39,39,NEUTRAL,40,0,92.65,0.38,30.77,9.71,74.0,0.83,2.75,TREND,28,16,3,8,-4,-12,strong trend; healthy momentum; overextended,SPY NEUTRAL 58; QQQ BEARISH 26,83.4,78.77,89.23,124.4
20260731_170411,2026-07-31T17:04:11.140780+00:00,PRX.AS,IGNORE,39,39,NEUTRAL,40,0,39.97,0.21,8.03,-2.55,51.8,0.91,2.75,TREND,22,18,3,0,-4,0,strong trend; healthy momentum,SPY NEUTRAL 58; QQQ BEARISH 26,39.02,38.98,46.18,62.39
20260731_170411,2026-07-31T17:04:11.140780+00:00,EWH,IGNORE,38,38,NEUTRAL,40,0,23.01,-1.25,9.94,-2.95,82.0,0.78,0.92,TREND,28,4,0,14,0,-8,strong trend; relative strength; overextended,SPY NEUTRAL 58; QQQ BEARISH 26,22.11,22.08,22.58,24.55
20260731_170411,2026-07-31T17:04:11.140780+00:00,FXE,IGNORE,38,38,NEUTRAL,40,0,106.34,-0.12,0.82,-1.43,68.5,0.48,0.28,RECOVERING,16,8,0,14,0,0,developing trend; relative strength,SPY NEUTRAL 58; QQQ BEARISH 26,105.45,106.02,107.33,111.09
20260731_170411,2026-07-31T17:04:11.140780+00:00,LLY,IGNORE,38,38,NEUTRAL,40,0,1143.33,-1.01,-5.81,15.62,42.7,0.59,1.93,MIXED,16,8,0,14,0,0,developing trend; relative strength,SPY NEUTRAL 58; QQQ BEARISH 26,1184.5,1147.21,1024.77,1235.56
20260731_170411,2026-07-31T17:04:11.140780+00:00,MS,IGNORE,38,38,NEUTRAL,40,0,210.99,0.44,-1.37,11.49,41.0,0.33,2.25,MIXED,16,8,0,14,0,0,developing trend; relative strength,SPY NEUTRAL 58; QQQ BEARISH 26,217.18,214.4,184.4,228.55
20260731_170411,2026-07-31T17:04:11.140780+00:00,MSFT,IGNORE,38,38,NEUTRAL,40,0,461.96,2.41,18.3,12.3,74.5,0.88,3.77,RECOVERING,22,16,3,13,-4,-12,strong trend; healthy momentum; relative strength; overextended,SPY NEUTRAL 58; QQQ BEARISH 26,396.73,399.35,433.57,542.07
20260731_170411,2026-07-31T17:04:11.140780+00:00,PANW,IGNORE,38,38,NEUTRAL,40,0,330.7,1.54,-4.99,79.75,50.2,0.36,3.28,MIXED,24,4,0,14,-4,0,strong trend; relative strength,SPY NEUTRAL 58; QQQ BEARISH 26,335.58,305.25,214.31,358.68
20260731_170411,2026-07-31T17:04:11.140780+00:00,RIO.AX,IGNORE,38,38,NEUTRAL,40,0,170.57,1.28,-0.34,-5.37,59.1,1.14,2.11,RECOVERING,18,8,7,5,0,0,developing trend; volume support,SPY NEUTRAL 58; QQQ BEARISH 26,163.66,174.37,158.31,194.47
20260731_170411,2026-07-31T17:04:11.140780+00:00,WTB.L,IGNORE,38,38,NEUTRAL,40,0,2510.0,-0.67,3.93,8.1,78.0,0.57,1.49,TREND,22,12,0,8,0,-4,strong trend,SPY NEUTRAL 58; QQQ BEARISH 26,2401.4,2395.7,2541.53,3274.0
20260731_170411,2026-07-31T17:04:11.140780+00:00,6367.T,IGNORE,37,37,NEUTRAL,40,0,23640.0,-0.88,-4.66,3.43,19.0,1.13,1.15,MIXED,16,0,7,14,0,0,developing trend; volume support; relative strength,SPY NEUTRAL 58; QQQ BEARISH 26,24752.5,24107.6,20938.28,26150.0
20260731_170411,2026-07-31T17:04:11.140780+00:00,CIB,IGNORE,37,37,NEUTRAL,40,0,93.72,-0.18,18.41,42.39,82.5,0.45,1.97,TREND,32,-1,0,18,0,-12,strong trend; weak momentum; relative strength; overextended,SPY NEUTRAL 58; QQQ BEARISH 26,84.29,78.94,70.83,93.89
20260731_170411,2026-07-31T17:04:11.140780+00:00,DTE.DE,IGNORE,37,37,NEUTRAL,40,0,26.76,-1.25,6.44,-2.34,50.2,1.11,1.75,RECOVERING,8,18,7,4,0,0,healthy momentum; volume support,SPY NEUTRAL 58; QQQ BEARISH 26,26.57,26.98,28.59,34.09
20260731_170411,2026-07-31T17:04:11.140780+00:00,GSK.L,IGNORE,37,37,NEUTRAL,40,0,1931.5,-0.44,-4.14,3.11,47.3,0.67,1.64,MIXED,16,12,0,9,0,0,developing trend,SPY NEUTRAL 58; QQQ BEARISH 26,1946.42,1939.67,1930.11,2268.0
20260731_170411,2026-07-31T17:04:11.140780+00:00,WCN.TO,IGNORE,37,37,NEUTRAL,40,0,235.63,1.12,-1.75,12.53,41.6,0.49,1.61,MIXED,20,8,0,9,0,0,developing trend,SPY NEUTRAL 58; QQQ BEARISH 26,239.8,228.09,230.08,262.45
20260731_170411,2026-07-31T17:04:11.140780+00:00,9983.T,IGNORE,36,36,NEUTRAL,40,0,78500.0,-2.36,-5.09,7.7,32.5,1.03,2.03,MIXED,16,4,7,9,0,0,developing trend; volume support,SPY NEUTRAL 58; QQQ BEARISH 26,81125.5,80565.8,66516.75,87900.0
20260731_170411,2026-07-31T17:04:11.140780+00:00,EWJ,IGNORE,36,36,NEUTRAL,40,0,92.24,-1.13,-0.97,3.33,48.5,0.71,1.73,MIXED,10,12,0,14,0,0,relative strength,SPY NEUTRAL 58; QQQ BEARISH 26,92.27,92.66,87.34,96.97
20260731_170411,2026-07-31T17:04:11.140780+00:00,NVDA,IGNORE,36,36,NEUTRAL,40,0,198.61,1.83,1.94,1.07,45.9,0.48,2.62,MIXED,10,17,0,13,-4,0,healthy momentum; relative strength,SPY NEUTRAL 58; QQQ BEARISH 26,203.19,206.13,193.1,235.74
20260731_170411,2026-07-31T17:04:11.140780+00:00,VWO,IGNORE,36,36,NEUTRAL,40,0,58.72,0.91,-0.54,-1.08,49.6,0.58,1.25,RECOVERING,18,8,0,10,0,0,developing trend; relative strength,SPY NEUTRAL 58; QQQ BEARISH 26,58.64,59.17,56.69,61.24
20260731_170411,2026-07-31T17:04:11.140780+00:00,SHY,IGNORE,35,35,NEUTRAL,40,0,81.96,-0.06,0.02,-0.28,61.6,0.27,0.08,RECOVERING,8,13,0,14,0,0,relative strength,SPY NEUTRAL 58; QQQ BEARISH 26,81.91,82.0,82.55,83.18
20260731_170411,2026-07-31T17:04:11.140780+00:00,SIFY,IGNORE,35,35,NEUTRAL,40,0,14.67,0.59,-4.27,0.17,46.2,0.52,3.07,RECOVERING,18,12,0,9,-4,0,developing trend,SPY NEUTRAL 58; QQQ BEARISH 26,14.64,15.48,14.01,17.35
20260731_170411,2026-07-31T17:04:11.140780+00:00,1211.HK,IGNORE,34,34,NEUTRAL,40,0,94.8,1.28,21.07,-7.96,73.5,1.07,2.63,TREND,22,8,7,9,-4,-8,strong trend; volume support; overextended,SPY NEUTRAL 58; QQQ BEARISH 26,87.67,86.34,96.68,117.6
20260731_170411,2026-07-31T17:04:11.140780+00:00,CRM,IGNORE,34,34,NEUTRAL,40,0,183.24,1.4,10.31,-2.01,58.2,0.26,3.22,RECOVERING,16,18,0,4,-4,0,developing trend; healthy momentum,SPY NEUTRAL 58; QQQ BEARISH 26,170.58,171.01,205.05,266.23
20260731_170411,2026-07-31T17:04:11.140780+00:00,HD,IGNORE,34,34,NEUTRAL,40,0,331.6,-0.53,-7.35,5.13,45.9,0.49,1.7,MIXED,14,16,0,4,0,0,developing trend; healthy momentum,SPY NEUTRAL 58; QQQ BEARISH 26,337.74,330.96,349.12,423.42
20260731_170411,2026-07-31T17:04:11.140780+00:00,NESN.SW,IGNORE,34,34,NEUTRAL,40,0,81.01,-1.66,-4.19,3.05,41.3,0.77,2.22,MIXED,16,4,0,14,0,0,developing trend; relative strength,SPY NEUTRAL 58; QQQ BEARISH 26,83.32,81.37,79.17,86.17
20260731_170411,2026-07-31T17:04:11.140780+00:00,DG.PA,IGNORE,33,33,NEUTRAL,40,0,122.55,-1.05,-4.18,-4.85,60.9,1.24,1.69,RECOVERING,8,8,12,5,0,0,volume support,SPY NEUTRAL 58; QQQ BEARISH 26,119.78,123.75,124.91,142.35
20260731_170411,2026-07-31T17:04:11.140780+00:00,ADS.DE,IGNORE,32,32,NEUTRAL,40,0,159.4,-1.15,-13.98,8.55,24.3,2.17,3.04,MIXED,16,-1,12,9,-4,0,developing trend; weak momentum; volume support,SPY NEUTRAL 58; QQQ BEARISH 26,179.04,174.65,159.27,194.9
20260731_170411,2026-07-31T17:04:11.140780+00:00,ADYEN.AS,IGNORE,32,32,NEUTRAL,40,0,876.9,-0.94,1.69,-6.99,56.4,1.1,2.7,RECOVERING,16,13,7,0,-4,0,developing trend; volume support,SPY NEUTRAL 58; QQQ BEARISH 26,844.97,859.16,1088.58,1521.6
20260731_170411,2026-07-31T17:04:11.140780+00:00,XBI,IGNORE,32,32,NEUTRAL,40,0,146.81,-3.07,-8.51,9.73,35.5,0.57,1.74,MIXED,24,-1,0,9,0,0,strong trend; weak momentum,SPY NEUTRAL 58; QQQ BEARISH 26,154.55,145.42,129.03,164.28
20260731_170411,2026-07-31T17:04:11.140780+00:00,EIS,IGNORE,31,31,NEUTRAL,40,0,119.71,0.53,-0.63,-11.41,54.1,0.49,1.55,RECOVERING,18,8,0,5,0,0,developing trend,SPY NEUTRAL 58; QQQ BEARISH 26,119.67,123.92,118.28,137.69
20260731_170411,2026-07-31T17:04:11.140780+00:00,SAN.PA,IGNORE,31,31,NEUTRAL,40,0,74.47,2.34,-1.77,1.87,42.6,1.52,2.43,WEAK,6,4,12,9,0,0,volume support,SPY NEUTRAL 58; QQQ BEARISH 26,76.44,75.72,79.93,90.44
20260731_170411,2026-07-31T17:04:11.140780+00:00,VALE,IGNORE,31,31,NEUTRAL,40,0,14.94,-0.3,-0.3,-6.18,66.0,0.67,2.02,RECOVERING,18,8,0,5,0,0,developing trend,SPY NEUTRAL 58; QQQ BEARISH 26,14.56,15.23,14.81,17.82
20260731_170411,2026-07-31T17:04:11.140780+00:00,XLB,IGNORE,31,31,NEUTRAL,40,0,50.58,-2.06,-2.76,-1.85,50.0,0.86,1.2,MIXED,10,8,3,10,0,0,relative strength,SPY NEUTRAL 58; QQQ BEARISH 26,50.91,51.07,48.94,53.62
20260731_170411,2026-07-31T17:04:11.140780+00:00,ASML.AS,IGNORE,30,30,NEUTRAL,40,0,1434.2,-0.4,-12.25,8.7,40.0,1.18,3.61,MIXED,10,3,12,9,-4,0,volume support,SPY NEUTRAL 58; QQQ BEARISH 26,1526.05,1537.28,1207.75,1721.4
20260731_170411,2026-07-31T17:04:11.140780+00:00,ECH,IGNORE,30,30,NEUTRAL,40,0,39.44,-0.95,0.79,-2.67,50.5,0.12,1.41,RECOVERING,8,13,0,9,0,0,mixed setup,SPY NEUTRAL 58; QQQ BEARISH 26,39.38,39.94,40.26,47.37
20260731_170411,2026-07-31T17:04:11.140780+00:00,INFY,IGNORE,30,30,NEUTRAL,40,0,12.02,0.59,7.71,-3.53,55.8,0.29,3.35,RECOVERING,16,18,0,0,-4,0,developing trend; healthy momentum,SPY NEUTRAL 58; QQQ BEARISH 26,11.38,11.63,14.7,20.22
20260731_170411,2026-07-31T17:04:11.140780+00:00,INTU,IGNORE,30,30,NEUTRAL,40,0,315.18,-0.1,14.47,-20.87,61.2,0.32,3.24,RECOVERING,16,18,0,0,-4,0,developing trend; healthy momentum,SPY NEUTRAL 58; QQQ BEARISH 26,291.92,291.97,466.98,785.13
20260731_170411,2026-07-31T17:04:11.140780+00:00,UUP,IGNORE,30,30,NEUTRAL,40,0,28.19,0.2,-0.51,2.53,37.2,0.47,0.35,MIXED,16,0,0,14,0,0,developing trend; relative strength,SPY NEUTRAL 58; QQQ BEARISH 26,28.4,28.19,27.72,28.6
20260731_170411,2026-07-31T17:04:11.140780+00:00,XLY,IGNORE,29,29,NEUTRAL,40,0,116.01,3.22,-0.95,-1.74,49.9,0.82,1.6,RECOVERING,8,8,3,10,0,0,relative strength,SPY NEUTRAL 58; QQQ BEARISH 26,114.58,116.09,117.09,124.52
20260731_170411,2026-07-31T17:04:11.140780+00:00,2318.HK,IGNORE,28,28,NEUTRAL,40,0,58.7,1.29,12.24,-7.19,91.2,1.15,1.06,RECOVERING,16,4,12,4,0,-8,developing trend; volume support; overextended,SPY NEUTRAL 58; QQQ BEARISH 26,55.04,56.07,61.14,73.45
20260731_170411,2026-07-31T17:04:11.140780+00:00,ASHR,IGNORE,28,28,NEUTRAL,40,0,34.11,-0.47,-2.99,-3.51,47.1,0.44,1.81,MIXED,10,8,0,10,0,0,relative strength,SPY NEUTRAL 58; QQQ BEARISH 26,34.72,35.36,33.99,37.3
20260731_170411,2026-07-31T17:04:11.140780+00:00,AAL.L,IGNORE,27,27,NEUTRAL,40,0,3733.0,0.19,-1.37,-2.76,57.5,0.65,2.99,RECOVERING,18,8,0,5,-4,0,developing trend,SPY NEUTRAL 58; QQQ BEARISH 26,3585.35,3765.52,3379.61,4225.0
20260731_170411,2026-07-31T17:04:11.140780+00:00,AXP,IGNORE,27,27,NEUTRAL,40,0,337.46,-0.02,-4.12,6.81,36.8,0.29,1.97,MIXED,14,4,0,9,0,0,developing trend,SPY NEUTRAL 58; QQQ BEARISH 26,346.06,333.57,339.45,384.89
20260731_170411,2026-07-31T17:04:11.140780+00:00,FRDM,IGNORE,27,27,NEUTRAL,40,0,65.3,0.97,-4.58,0.65,47.5,0.54,2.74,MIXED,10,12,0,9,-4,0,mixed setup,SPY NEUTRAL 58; QQQ BEARISH 26,66.38,69.44,58.78,76.19
20260731_170411,2026-07-31T17:04:11.140780+00:00,GILD,IGNORE,27,27,NEUTRAL,40,0,130.11,-0.89,-0.88,-2.52,47.4,0.41,2.07,MIXED,14,8,0,5,0,0,developing trend,SPY NEUTRAL 58; QQQ BEARISH 26,132.16,129.74,131.77,155.8
20260731_170411,2026-07-31T17:04:11.140780+00:00,GOOG,IGNORE,27,27,NEUTRAL,40,0,353.42,5.91,-0.78,-8.03,51.1,0.73,2.81,RECOVERING,18,8,0,5,-4,0,developing trend,SPY NEUTRAL 58; QQQ BEARISH 26,346.78,356.64,325.49,399.04
20260731_170411,2026-07-31T17:04:11.140780+00:00,GOOGL,IGNORE,27,27,NEUTRAL,40,0,353.46,5.93,-1.79,-9.0,50.4,0.76,2.81,RECOVERING,18,8,0,5,-4,0,developing trend,SPY NEUTRAL 58; QQQ BEARISH 26,347.92,358.68,326.26,402.62
20260731_170411,2026-07-31T17:04:11.140780+00:00,PYPL,IGNORE,27,27,NEUTRAL,40,0,57.12,-0.91,25.63,22.88,80.4,0.21,4.1,TREND,28,7,0,8,-8,-8,strong trend; volatility risk; overextended,SPY NEUTRAL 58; QQQ BEARISH 26,52.93,47.04,52.13,76.13
20260731_170411,2026-07-31T17:04:11.140780+00:00,XLK,IGNORE,27,27,NEUTRAL,40,0,175.28,-0.26,-2.94,5.83,42.4,0.6,2.08,MIXED,10,8,0,9,0,0,mixed setup,SPY NEUTRAL 58; QQQ BEARISH 26,178.45,182.97,155.4,198.21
20260731_170411,2026-07-31T17:04:11.140780+00:00,WIT,IGNORE,26,26,NEUTRAL,40,0,1.97,0.77,3.97,-1.26,58.4,0.26,1.89,RECOVERING,8,18,0,0,0,0,healthy momentum,SPY NEUTRAL 58; QQQ BEARISH 26,1.87,2.06,2.36,3.06
20260731_170411,2026-07-31T17:04:11.140780+00:00,AMD,IGNORE,25,25,NEUTRAL,40,0,490.02,0.95,-5.37,37.93,42.7,0.58,5.47,MIXED,16,8,0,9,-8,0,developing trend; volatility risk,SPY NEUTRAL 58; QQQ BEARISH 26,515.75,512.49,311.89,580.91
20260731_170411,2026-07-31T17:04:11.140780+00:00,COST,IGNORE,25,25,NEUTRAL,40,0,951.37,-0.29,-0.03,-6.4,59.7,0.33,1.5,RECOVERING,12,8,0,5,0,0,mixed setup,SPY NEUTRAL 58; QQQ BEARISH 26,939.12,959.82,957.88,1094.32
20260731_170411,2026-07-31T17:04:11.140780+00:00,1299.HK,IGNORE,24,24,NEUTRAL,40,0,79.65,1.92,9.41,-7.38,84.0,0.92,1.31,RECOVERING,16,4,3,9,0,-8,developing trend; overextended,SPY NEUTRAL 58; QQQ BEARISH 26,75.64,76.55,80.82,90.95
20260731_170411,2026-07-31T17:04:11.140780+00:00,2330.TW,IGNORE,24,24,NEUTRAL,40,0,2205.0,0.23,-10.55,-2.0,33.1,1.4,2.31,MIXED,16,-9,12,5,0,0,developing trend; weak momentum; volume support,SPY NEUTRAL 58; QQQ BEARISH 26,2381.0,2368.0,1891.33,2510.0
20260731_170411,2026-07-31T17:04:11.140780+00:00,BMW.DE,IGNORE,24,24,NEUTRAL,40,0,59.3,-1.46,-2.08,-27.52,57.5,1.16,1.55,RECOVERING,8,8,12,-4,0,0,volume support,SPY NEUTRAL 58; QQQ BEARISH 26,58.56,63.25,79.57,97.42
20260731_170411,2026-07-31T17:04:11.140780+00:00,LIN,IGNORE,24,24,NEUTRAL,40,0,480.67,-5.5,-12.07,-3.92,24.2,1.5,1.49,MIXED,16,-9,12,5,0,0,developing trend; weak momentum; volume support,SPY NEUTRAL 58; QQQ BEARISH 26,515.98,514.54,474.1,546.64
20260731_170411,2026-07-31T17:04:11.140780+00:00,NOVO-B.CO,IGNORE,24,24,NEUTRAL,40,0,306.5,-7.37,-6.24,8.32,39.7,3.05,2.32,MIXED,16,4,0,4,0,0,developing trend,SPY NEUTRAL 58; QQQ BEARISH 26,325.21,306.88,304.56,401.35
20260731_170411,2026-07-31T17:04:11.140780+00:00,8035.T,IGNORE,23,23,NEUTRAL,40,0,52240.0,4.48,-33.71,10.09,24.2,1.46,4.81,MIXED,16,-1,12,4,-8,0,developing trend; weak momentum; volume support; volatility risk,SPY NEUTRAL 58; QQQ BEARISH 26,66702.0,65194.6,45027.32,78800.0
20260731_170411,2026-07-31T17:04:11.140780+00:00,LSEG.L,IGNORE,23,23,NEUTRAL,40,0,8398.0,-2.42,-3.14,-9.05,36.6,1.27,2.23,WEAK,10,-4,12,5,0,0,weak momentum; volume support,SPY NEUTRAL 58; QQQ BEARISH 26,8866.2,8808.04,8795.06,10100.0
20260731_170411,2026-07-31T17:04:11.140780+00:00,SHOP,IGNORE,22,22,NEUTRAL,40,0,117.68,-3.85,-1.49,9.34,43.0,0.72,3.69,MIXED,14,8,0,4,-4,0,developing trend,SPY NEUTRAL 58; QQQ BEARISH 26,122.38,116.08,133.16,179.01
20260731_170411,2026-07-31T17:04:11.140780+00:00,SHOP.TO,IGNORE,22,22,NEUTRAL,40,0,165.09,-3.75,-3.69,14.43,42.1,0.42,3.77,MIXED,14,8,0,4,-4,0,developing trend,SPY NEUTRAL 58; QQQ BEARISH 26,172.6,163.15,184.29,249.71
20260731_170411,2026-07-31T17:04:11.140780+00:00,6954.T,IGNORE,21,21,NEUTRAL,40,0,6624.0,2.49,-10.67,-2.87,45.7,1.37,3.4,MIXED,10,3,12,0,-4,0,volume support,SPY NEUTRAL 58; QQQ BEARISH 26,6891.05,7293.38,6301.39,8428.0
20260731_170411,2026-07-31T17:04:11.140780+00:00,PEP,IGNORE,21,21,NEUTRAL,40,0,139.67,-0.38,-3.15,-9.91,52.3,0.33,1.65,RECOVERING,8,8,0,5,0,0,mixed setup,SPY NEUTRAL 58; QQQ BEARISH 26,138.78,141.51,149.75,170.49
20260731_170411,2026-07-31T17:04:11.140780+00:00,1810.HK,IGNORE,20,20,NEUTRAL,40,0,31.04,-2.63,37.35,0.19,72.7,1.03,3.76,TREND,22,7,7,4,-4,-16,strong trend; volume support; overextended,SPY NEUTRAL 58; QQQ BEARISH 26,26.71,26.53,34.93,59.45
20260731_170411,2026-07-31T17:04:11.140780+00:00,ANTO.L,IGNORE,19,19,NEUTRAL,40,0,3655.0,-1.32,-5.51,-6.25,45.3,0.79,3.35,MIXED,10,8,0,5,-4,0,mixed setup,SPY NEUTRAL 58; QQQ BEARISH 26,3666.65,3863.18,3514.81,4455.0
20260731_170411,2026-07-31T17:04:11.140780+00:00,EWT,IGNORE,19,19,NEUTRAL,40,0,96.59,2.76,-7.89,4.12,41.8,0.75,2.99,MIXED,10,4,0,9,-4,0,mixed setup,SPY NEUTRAL 58; QQQ BEARISH 26,99.79,101.95,79.18,111.53
20260731_170411,2026-07-31T17:04:11.140780+00:00,SMH,IGNORE,19,19,NEUTRAL,40,0,545.17,1.16,-7.96,4.3,40.5,0.75,3.18,MIXED,10,4,0,9,-4,0,mixed setup,SPY NEUTRAL 58; QQQ BEARISH 26,571.86,596.26,450.55,668.91
20260731_170411,2026-07-31T17:04:11.140780+00:00,HYG,IGNORE,18,18,NEUTRAL,40,0,79.43,-0.04,-0.35,-0.61,47.3,0.59,0.18,WEAK,0,8,0,10,0,0,relative strength,SPY NEUTRAL 58; QQQ BEARISH 26,79.57,79.75,80.25,81.32
20260731_170411,2026-07-31T17:04:11.140780+00:00,SPGI,IGNORE,18,18,NEUTRAL,40,0,413.24,-0.42,-6.06,3.05,38.1,0.47,1.95,MIXED,14,0,0,4,0,0,developing trend,SPY NEUTRAL 58; QQQ BEARISH 26,434.07,410.95,434.79,533.73
20260731_170411,2026-07-31T17:04:11.140780+00:00,9988.HK,IGNORE,17,17,NEUTRAL,40,0,111.8,-1.58,18.31,-15.11,52.6,0.67,3.39,RECOVERING,8,13,0,0,-4,0,mixed setup,SPY NEUTRAL 58; QQQ BEARISH 26,109.83,111.94,139.05,185.1
20260731_170411,2026-07-31T17:04:11.140780+00:00,TUR,IGNORE,17,17,NEUTRAL,40,0,38.06,0.9,-3.25,-10.32,48.5,0.17,1.05,WEAK,4,8,0,5,0,0,mixed setup,SPY NEUTRAL 58; QQQ BEARISH 26,38.88,39.06,38.22,43.74
20260731_170411,2026-07-31T17:04:11.140780+00:00,2317.TW,IGNORE,16,16,NEUTRAL,40,0,229.5,-3.16,-3.97,-8.93,44.3,1.58,2.36,WEAK,4,0,12,0,0,0,volume support,SPY NEUTRAL 58; QQQ BEARISH 26,240.95,256.29,233.49,309.0
20260731_170411,2026-07-31T17:04:11.140780+00:00,ABX.TO,IGNORE,16,16,NEUTRAL,40,0,51.62,-2.14,-7.09,-9.04,53.4,0.3,2.37,RECOVERING,8,8,0,0,0,0,mixed setup,SPY NEUTRAL 58; QQQ BEARISH 26,51.48,54.23,57.36,71.86
20260731_170411,2026-07-31T17:04:11.140780+00:00,AMX,IGNORE,16,16,NEUTRAL,40,0,25.41,0.36,-1.21,-6.75,37.7,0.22,1.16,MIXED,10,-4,0,10,0,0,weak momentum; relative strength,SPY NEUTRAL 58; QQQ BEARISH 26,25.93,26.0,24.05,27.75
20260731_170411,2026-07-31T17:04:11.140780+00:00,EZA,IGNORE,16,16,NEUTRAL,40,0,63.26,-1.33,-1.16,-6.65,52.1,0.12,1.61,RECOVERING,8,8,0,0,0,0,mixed setup,SPY NEUTRAL 58; QQQ BEARISH 26,62.75,64.77,68.58,81.6
20260731_170411,2026-07-31T17:04:11.140780+00:00,SOXX,IGNORE,16,16,NEUTRAL,40,0,511.5,1.38,-9.68,5.96,40.9,0.89,3.86,MIXED,10,3,3,4,-4,0,mixed setup,SPY NEUTRAL 58; QQQ BEARISH 26,539.34,567.8,402.89,655.01
20260731_170411,2026-07-31T17:04:11.140780+00:00,XLU,IGNORE,16,16,NEUTRAL,40,0,44.58,-0.17,-2.57,-3.85,37.0,0.62,0.88,WEAK,10,-4,0,10,0,0,weak momentum; relative strength,SPY NEUTRAL 58; QQQ BEARISH 26,45.39,44.99,44.87,47.73
20260731_170411,2026-07-31T17:04:11.140780+00:00,ADI,IGNORE,15,15,NEUTRAL,40,0,368.31,0.45,-2.35,-9.01,40.1,0.32,2.14,MIXED,10,0,0,5,0,0,mixed setup,SPY NEUTRAL 58; QQQ BEARISH 26,379.41,397.61,331.24,445.48
20260731_170411,2026-07-31T17:04:11.140780+00:00,AMAT,IGNORE,15,15,NEUTRAL,40,0,519.3,3.49,-13.89,26.41,42.2,0.45,5.65,MIXED,16,3,0,4,-8,0,developing trend; volatility risk,SPY NEUTRAL 58; QQQ BEARISH 26,547.21,543.82,373.52,723.0
20260731_170411,2026-07-31T17:04:11.140780+00:00,SSE.L,IGNORE,15,15,NEUTRAL,40,0,2346.0,-0.04,-6.42,-5.32,40.7,0.59,1.62,WEAK,10,0,0,5,0,0,mixed setup,SPY NEUTRAL 58; QQQ BEARISH 26,2430.83,2401.97,2377.67,2757.5
20260731_170411,2026-07-31T17:04:11.140780+00:00,NG.L,IGNORE,14,14,NEUTRAL,40,0,1190.0,0.46,-4.34,-6.59,38.4,1.13,1.39,WEAK,6,-4,7,5,0,0,weak momentum; volume support,SPY NEUTRAL 58; QQQ BEARISH 26,1228.45,1225.25,1230.62,1400.0
20260731_170411,2026-07-31T17:04:11.140780+00:00,BCE.TO,IGNORE,13,13,NEUTRAL,40,0,30.19,-0.72,-0.26,-8.85,48.2,0.56,1.62,WEAK,0,8,0,5,0,0,mixed setup,SPY NEUTRAL 58; QQQ BEARISH 26,30.37,32.14,33.17,36.12
20260731_170411,2026-07-31T17:04:11.140780+00:00,DIS,IGNORE,13,13,NEUTRAL,40,0,96.1,-0.06,-3.42,-4.36,50.3,0.38,1.62,WEAK,0,8,0,5,0,0,mixed setup,SPY NEUTRAL 58; QQQ BEARISH 26,96.61,99.15,104.69,119.35
20260731_170411,2026-07-31T17:04:11.140780+00:00,IEF,IGNORE,13,13,NEUTRAL,40,0,92.79,-0.46,-1.42,-1.85,42.2,0.95,0.27,WEAK,0,0,3,10,0,0,relative strength,SPY NEUTRAL 58; QQQ BEARISH 26,93.44,93.9,95.58,97.99
20260731_170411,2026-07-31T17:04:11.140780+00:00,IFX.DE,IGNORE,13,13,NEUTRAL,40,0,61.67,3.7,-20.3,0.02,38.6,1.74,4.63,MIXED,10,-5,12,4,-8,0,weak momentum; volume support; volatility risk,SPY NEUTRAL 58; QQQ BEARISH 26,66.41,74.48,50.32,88.0
20260731_170411,2026-07-31T17:04:11.140780+00:00,035420.KS,IGNORE,12,12,NEUTRAL,40,0,194700.0,-3.37,-1.37,-7.73,54.3,1.39,4.6,WEAK,0,8,12,0,-8,0,volume support; volatility risk,SPY NEUTRAL 58; QQQ BEARISH 26,197160.0,214010.0,232882.5,287000.0
20260731_170411,2026-07-31T17:04:11.140780+00:00,ACN,IGNORE,12,12,NEUTRAL,40,0,165.09,1.1,20.2,-7.78,69.4,0.33,3.56,RECOVERING,16,8,0,0,-4,-8,developing trend; overextended,SPY NEUTRAL 58; QQQ BEARISH 26,146.03,154.35,211.01,288.54
20260731_170411,2026-07-31T17:04:11.140780+00:00,MC.PA,IGNORE,11,11,NEUTRAL,40,0,475.15,0.39,-4.15,0.52,42.2,0.88,1.71,WEAK,0,4,3,4,0,0,mixed setup,SPY NEUTRAL 58; QQQ BEARISH 26,481.58,485.78,536.29,652.1
20260731_170411,2026-07-31T17:04:11.140780+00:00,TXN,IGNORE,11,11,NEUTRAL,40,0,276.4,-0.85,-5.69,-1.64,34.5,0.44,2.43,MIXED,10,-4,0,5,0,0,weak momentum,SPY NEUTRAL 58; QQQ BEARISH 26,290.79,298.16,226.55,332.28
20260731_170411,2026-07-31T17:04:11.140780+00:00,6981.T,IGNORE,9,9,NEUTRAL,40,0,6416.0,2.97,-46.04,24.87,24.8,1.34,6.05,MIXED,10,-1,12,0,-12,0,weak momentum; volume support; volatility risk,SPY NEUTRAL 58; QQQ BEARISH 26,8707.3,9423.22,5101.85,12250.0
20260731_170411,2026-07-31T17:04:11.140780+00:00,LQD,IGNORE,9,9,NEUTRAL,40,0,106.03,-0.36,-2.41,-2.42,37.9,0.84,0.31,WEAK,0,-4,3,10,0,0,weak momentum; relative strength,SPY NEUTRAL 58; QQQ BEARISH 26,107.07,108.13,109.76,112.92
20260731_170411,2026-07-31T17:04:11.140780+00:00,LRCX,IGNORE,9,9,NEUTRAL,40,0,303.13,1.82,-13.74,9.91,43.0,0.55,5.93,MIXED,10,3,0,4,-8,0,volatility risk,SPY NEUTRAL 58; QQQ BEARISH 26,317.31,338.13,241.12,433.33
20260731_170411,2026-07-31T17:04:11.140780+00:00,AZN.L,IGNORE,8,8,NEUTRAL,40,0,12632.0,-0.69,-12.62,-5.09,50.5,0.64,2.15,WEAK,0,3,0,5,0,0,mixed setup,SPY NEUTRAL 58; QQQ BEARISH 26,12945.0,13405.96,13817.15,15542.0
20260731_170411,2026-07-31T17:04:11.140780+00:00,EL.PA,IGNORE,8,8,NEUTRAL,40,0,164.05,0.28,-4.73,-4.29,41.5,1.4,1.63,WEAK,0,0,12,-4,0,0,volume support,SPY NEUTRAL 58; QQQ BEARISH 26,167.53,171.22,229.23,320.7
20260731_170411,2026-07-31T17:04:11.140780+00:00,EWY,IGNORE,8,8,NEUTRAL,40,0,159.84,-0.85,-11.27,-7.86,45.3,0.85,4.94,MIXED,10,3,3,0,-8,0,volatility risk,SPY NEUTRAL 58; QQQ BEARISH 26,169.28,186.61,137.14,219.2
20260731_170411,2026-07-31T17:04:11.140780+00:00,GLD,IGNORE,8,8,NEUTRAL,40,0,370.96,-1.64,-1.9,-11.31,53.3,0.55,1.36,WEAK,0,8,0,0,0,0,mixed setup,SPY NEUTRAL 58; QQQ BEARISH 26,373.12,385.27,411.86,495.9
20260731_170411,2026-07-31T17:04:11.140780+00:00,MCD,IGNORE,8,8,NEUTRAL,40,0,269.77,0.49,-3.87,-5.4,46.7,0.4,1.31,WEAK,0,8,0,0,0,0,mixed setup,SPY NEUTRAL 58; QQQ BEARISH 26,270.74,274.87,300.5,341.06
20260731_170411,2026-07-31T17:04:11.140780+00:00,MU,IGNORE,8,8,NEUTRAL,40,0,838.23,-4.16,-14.08,30.93,43.6,0.82,6.99,MIXED,10,3,3,4,-12,0,volatility risk,SPY NEUTRAL 58; QQQ BEARISH 26,912.45,965.15,518.18,1213.56
20260731_170411,2026-07-31T17:04:11.140780+00:00,TLT,IGNORE,8,8,NEUTRAL,40,0,82.03,-0.94,-4.08,-3.99,31.5,1.03,0.56,WEAK,0,-4,7,5,0,0,weak momentum; volume support,SPY NEUTRAL 58; QQQ BEARISH 26,83.87,85.0,87.26,92.06
20260731_170411,2026-07-31T17:04:11.140780+00:00,051910.KS,IGNORE,7,7,NEUTRAL,40,0,245500.0,5.59,-12.32,-38.16,47.5,1.29,3.74,WEAK,0,3,12,-4,-4,0,volume support,SPY NEUTRAL 58; QQQ BEARISH 26,259025.0,302310.0,339597.5,429500.0
20260731_170411,2026-07-31T17:04:11.140780+00:00,7741.T,IGNORE,7,7,NEUTRAL,40,0,23840.0,0.32,-7.97,-14.34,38.1,1.11,2.2,WEAK,4,-4,7,0,0,0,weak momentum; volume support,SPY NEUTRAL 58; QQQ BEARISH 26,24948.0,25863.9,25846.2,30030.0
20260731_170411,2026-07-31T17:04:11.140780+00:00,PG,IGNORE,7,7,NEUTRAL,40,0,143.92,-0.03,-4.95,-0.68,39.5,0.46,1.39,WEAK,6,-4,0,5,0,0,weak momentum,SPY NEUTRAL 58; QQQ BEARISH 26,148.03,147.32,148.05,167.2
20260731_170411,2026-07-31T17:04:11.140780+00:00,TIP,IGNORE,6,6,NEUTRAL,40,0,107.38,-0.33,-0.88,-3.32,38.1,0.49,0.17,WEAK,0,-4,0,10,0,0,weak momentum; relative strength,SPY NEUTRAL 58; QQQ BEARISH 26,107.89,108.98,110.39,112.2
20260731_170411,2026-07-31T17:04:11.140780+00:00,000660.KS,IGNORE,5,5,NEUTRAL,40,0,1322000.0,-5.64,-48.36,2.8,25.6,1.44,7.96,MIXED,10,-5,12,0,-12,0,weak momentum; volume support; volatility risk,SPY NEUTRAL 58; QQQ BEARISH 26,1923850.0,2168880.0,1168640.0,2919000.0
20260731_170411,2026-07-31T17:04:11.140780+00:00,2454.TW,IGNORE,5,5,NEUTRAL,40,0,3235.0,2.7,-25.55,-5.69,33.5,1.61,4.38,MIXED,10,-9,12,0,-8,0,weak momentum; volume support; volatility risk,SPY NEUTRAL 58; QQQ BEARISH 26,3717.75,4062.9,2302.53,4640.0
20260731_170411,2026-07-31T17:04:11.140780+00:00,WMT,IGNORE,5,5,NEUTRAL,40,0,111.59,0.44,-0.22,-14.68,42.3,0.49,1.4,WEAK,0,0,0,5,0,0,mixed setup,SPY NEUTRAL 58; QQQ BEARISH 26,112.16,115.64,118.01,134.2
20260731_170411,2026-07-31T17:04:11.140780+00:00,RMS.PA,IGNORE,4,4,NEUTRAL,40,0,1531.5,-1.23,-6.67,-7.8,37.2,1.18,3.18,WEAK,0,-4,12,0,-4,0,weak momentum; volume support,SPY NEUTRAL 58; QQQ BEARISH 26,1636.1,1639.67,1884.55,2250.0
20260731_170411,2026-07-31T17:04:11.140780+00:00,SLV,IGNORE,4,4,NEUTRAL,40,0,51.95,-2.9,-5.58,-21.18,49.3,0.53,2.46,WEAK,0,8,0,-4,0,0,mixed setup,SPY NEUTRAL 58; QQQ BEARISH 26,52.73,57.99,63.57,105.6
20260731_170411,2026-07-31T17:04:11.140780+00:00,373220.KS,IGNORE,3,3,NEUTRAL,40,0,320000.0,6.49,-8.05,-30.51,52.1,1.42,4.19,WEAK,0,3,12,-4,-8,0,volume support; volatility risk,SPY NEUTRAL 58; QQQ BEARISH 26,328900.0,369840.0,405290.0,514000.0
20260731_170411,2026-07-31T17:04:11.140780+00:00,4063.T,IGNORE,3,3,NEUTRAL,40,0,5756.0,1.16,-20.71,-18.98,27.9,1.2,3.5,WEAK,4,-9,12,0,-4,0,weak momentum; volume support,SPY NEUTRAL 58; QQQ BEARISH 26,6912.0,7108.86,5979.89,7806.0
20260731_170411,2026-07-31T17:04:11.140780+00:00,4519.T,IGNORE,3,3,NEUTRAL,40,0,7071.0,0.03,-2.88,-14.24,41.8,0.97,2.47,WEAK,0,0,3,0,0,0,mixed setup,SPY NEUTRAL 58; QQQ BEARISH 26,7289.95,7471.52,8148.53,10455.0
20260731_170411,2026-07-31T17:04:11.140780+00:00,LOW,IGNORE,3,3,NEUTRAL,40,0,208.87,-0.58,-8.19,-7.26,51.2,0.44,2.0,WEAK,0,3,0,0,0,0,mixed setup,SPY NEUTRAL 58; QQQ BEARISH 26,210.93,214.48,239.31,287.39
20260731_170411,2026-07-31T17:04:11.140780+00:00,CDNS,IGNORE,2,2,NEUTRAL,40,0,338.17,1.61,-9.37,-4.37,33.0,0.37,2.99,MIXED,10,-9,0,5,-4,0,weak momentum,SPY NEUTRAL 58; QQQ BEARISH 26,353.37,371.29,327.62,416.39
20260731_170411,2026-07-31T17:04:11.140780+00:00,2308.TW,IGNORE,1,1,NEUTRAL,40,0,1530.0,2.34,-22.34,-30.77,30.3,2.14,4.34,MIXED,10,-9,12,-4,-8,0,weak momentum; volume support; volatility risk,SPY NEUTRAL 58; QQQ BEARISH 26,1816.5,2044.7,1480.62,2520.0
20260731_170411,2026-07-31T17:04:11.140780+00:00,CAT,IGNORE,1,1,NEUTRAL,40,0,818.7,1.18,-15.03,-9.49,28.0,0.38,2.49,MIXED,10,-9,0,0,0,0,weak momentum,SPY NEUTRAL 58; QQQ BEARISH 26,891.85,920.16,738.14,1064.9
20260731_170411,2026-07-31T17:04:11.140780+00:00,KLAC,IGNORE,1,1,NEUTRAL,40,0,186.79,3.58,-20.7,7.79,34.3,0.52,4.37,MIXED,10,-1,0,0,-8,0,weak momentum; volatility risk,SPY NEUTRAL 58; QQQ BEARISH 26,212.09,221.32,162.55,301.71
20260731_170411,2026-07-31T17:04:11.140780+00:00,XLC,IGNORE,1,1,NEUTRAL,40,0,107.72,1.07,-1.72,-6.84,39.8,0.43,1.43,WEAK,0,-4,0,5,0,0,weak momentum,SPY NEUTRAL 58; QQQ BEARISH 26,109.77,110.81,114.34,120.08
20260731_170411,2026-07-31T17:04:11.140780+00:00,005380.KS,IGNORE,0,0,NEUTRAL,40,0,351000.0,-0.71,-28.0,-33.9,27.2,1.01,3.82,WEAK,4,-9,7,-4,-4,0,weak momentum; volume support,SPY NEUTRAL 58; QQQ BEARISH 26,428450.0,540040.0,445307.5,750000.0
20260731_170411,2026-07-31T17:04:11.140780+00:00,005930.KS,IGNORE,0,0,NEUTRAL,40,0,207000.0,-0.72,-34.18,-6.12,31.9,1.5,6.32,MIXED,10,-9,12,-4,-12,0,weak momentum; volume support; volatility risk,SPY NEUTRAL 58; QQQ BEARISH 26,263725.0,299770.0,192280.5,362500.0
20260731_170411,2026-07-31T17:04:11.140780+00:00,9984.T,IGNORE,0,0,NEUTRAL,40,0,4622.0,-2.51,-22.97,-14.79,35.3,1.07,4.84,WEAK,4,-9,7,-4,-8,0,weak momentum; volume support; volatility risk,SPY NEUTRAL 58; QQQ BEARISH 26,5767.4,6510.82,5117.18,8632.0
20260731_170411,2026-07-31T17:04:11.140780+00:00,ARKK,IGNORE,0,0,NEUTRAL,40,0,71.05,-2.54,-12.55,-7.22,33.1,0.84,2.29,WEAK,4,-9,3,0,0,0,weak momentum,SPY NEUTRAL 58; QQQ BEARISH 26,76.49,77.48,77.29,92.53
20260731_170411,2026-07-31T17:04:11.140780+00:00,COIN,IGNORE,0,0,NEUTRAL,40,0,144.27,-11.8,-12.82,-27.04,43.2,1.78,4.56,WEAK,0,-5,12,-4,-8,0,weak momentum; volume support; volatility risk,SPY NEUTRAL 58; QQQ BEARISH 26,161.91,164.31,212.42,387.27
20260731_170411,2026-07-31T17:04:11.140780+00:00,GDX,IGNORE,0,0,NEUTRAL,40,0,74.18,-3.38,-5.41,-13.55,51.9,0.52,2.65,WEAK,0,8,0,-4,-4,0,mixed setup,SPY NEUTRAL 58; QQQ BEARISH 26,74.53,78.84,87.45,115.84
20260731_170411,2026-07-31T17:04:11.140780+00:00,GDXJ,IGNORE,0,0,NEUTRAL,40,0,95.67,-3.41,-7.04,-15.46,50.4,0.47,3.12,WEAK,0,8,0,-4,-4,0,mixed setup,SPY NEUTRAL 58; QQQ BEARISH 26,97.08,102.8,115.01,156.19
20260731_170411,2026-07-31T17:04:11.140780+00:00,HDB,IGNORE,0,0,NEUTRAL,40,0,23.84,-1.22,-7.47,-3.97,27.4,0.24,3.1,WEAK,6,-4,0,-4,-4,0,weak momentum,SPY NEUTRAL 58; QQQ BEARISH 26,25.03,24.72,29.97,38.49
20260731_170411,2026-07-31T17:04:11.140780+00:00,IBM,IGNORE,0,0,NEUTRAL,40,0,220.47,-0.57,-23.85,-3.74,23.1,0.32,6.17,WEAK,0,-9,0,0,-12,0,weak momentum; volatility risk,SPY NEUTRAL 58; QQQ BEARISH 26,240.17,260.37,270.47,329.23
20260731_170411,2026-07-31T17:04:11.140780+00:00,ISRG,IGNORE,0,0,NEUTRAL,40,0,353.36,0.11,-17.05,-21.71,34.7,0.27,4.15,WEAK,0,-9,0,-4,-8,0,weak momentum; volatility risk,SPY NEUTRAL 58; QQQ BEARISH 26,375.42,399.39,481.88,592.85
20260731_170411,2026-07-31T17:04:11.140780+00:00,META,IGNORE,0,0,NEUTRAL,40,0,549.45,1.93,-5.74,-9.18,19.7,0.74,3.19,WEAK,6,-4,0,0,-4,0,weak momentum,SPY NEUTRAL 58; QQQ BEARISH 26,620.44,602.04,634.45,790.0
20260731_170411,2026-07-31T17:04:11.140780+00:00,NFLX,IGNORE,0,0,NEUTRAL,40,0,71.47,-2.32,-7.96,-18.68,42.8,0.32,2.18,WEAK,0,0,0,-4,0,0,mixed setup,SPY NEUTRAL 58; QQQ BEARISH 26,72.29,77.11,91.3,126.32
20260731_170411,2026-07-31T17:04:11.140780+00:00,ORCL,IGNORE,0,0,NEUTRAL,40,0,128.31,0.59,-8.53,-30.77,47.3,0.51,3.93,WEAK,0,3,0,-4,-4,0,mixed setup,SPY NEUTRAL 58; QQQ BEARISH 26,128.8,164.89,183.11,328.33
20260731_170411,2026-07-31T17:04:11.140780+00:00,PLTR,IGNORE,0,0,NEUTRAL,40,0,122.25,-0.01,-5.45,-10.05,39.9,0.46,2.96,WEAK,0,-4,0,-4,-4,0,weak momentum,SPY NEUTRAL 58; QQQ BEARISH 26,129.01,130.7,152.89,207.18
20260731_170411,2026-07-31T17:04:11.140780+00:00,QCOM,IGNORE,0,0,NEUTRAL,40,0,148.49,-2.05,-15.75,-20.4,17.5,0.49,2.71,WEAK,4,-9,0,-4,-4,0,weak momentum,SPY NEUTRAL 58; QQQ BEARISH 26,173.25,198.53,169.01,251.02
20260731_170411,2026-07-31T17:04:11.140780+00:00,RDY,IGNORE,0,0,NEUTRAL,40,0,11.81,-0.21,-17.91,-10.97,24.8,0.42,2.66,WEAK,0,-9,0,0,-4,0,weak momentum,SPY NEUTRAL 58; QQQ BEARISH 26,12.65,13.3,13.69,15.38
20260731_170411,2026-07-31T17:04:11.140780+00:00,SNPS,IGNORE,0,0,NEUTRAL,40,0,385.12,3.44,-11.9,-23.36,30.8,0.51,2.66,WEAK,0,-9,0,-4,-4,0,weak momentum,SPY NEUTRAL 58; QQQ BEARISH 26,404.23,446.02,449.45,636.02
20260731_170411,2026-07-31T17:04:11.140780+00:00,SQM,IGNORE,0,0,NEUTRAL,40,0,66.91,-2.22,-7.96,-27.77,37.7,0.54,2.51,WEAK,4,-4,0,0,-4,0,weak momentum,SPY NEUTRAL 58; QQQ BEARISH 26,70.18,75.14,72.61,95.31
20260731_170411,2026-07-31T17:04:11.140780+00:00,T.TO,IGNORE,0,0,NEUTRAL,40,0,13.21,-12.4,-9.21,-24.73,32.6,3.87,3.27,WEAK,0,-9,2,-4,-4,0,weak momentum,SPY NEUTRAL 58; QQQ BEARISH 26,14.65,15.76,17.79,23.01
20260731_170411,2026-07-31T17:04:11.140780+00:00,TSLA,IGNORE,0,0,NEUTRAL,40,0,310.35,0.49,-21.12,-20.29,17.5,0.58,4.14,WEAK,0,-9,0,-4,-8,0,weak momentum; volatility risk,SPY NEUTRAL 58; QQQ BEARISH 26,363.89,390.74,411.6,489.88
20260731_170411,2026-07-31T17:04:11.140780+00:00,UBER,IGNORE,0,0,NEUTRAL,40,0,69.83,-0.77,-6.18,-4.28,38.3,0.33,2.13,WEAK,0,-4,0,0,0,0,weak momentum,SPY NEUTRAL 58; QQQ BEARISH 26,71.7,71.81,78.57,100.1
20260731_170411,2026-07-31T17:04:11.140780+00:00,UNG,IGNORE,0,0,NEUTRAL,40,0,9.97,-0.45,-13.95,-6.34,39.9,0.6,2.17,WEAK,0,-9,0,-4,0,0,weak momentum,SPY NEUTRAL 58; QQQ BEARISH 26,10.56,11.15,12.12,16.9
