ticker,signal,score,base_score,market_regime,market_score,market_adjustment,close,change_1d_pct,change_20d_pct,change_60d_pct,rsi_14,volume_ratio,volatility_20d_pct,trend,trend_score,momentum_score,volume_score,relative_strength_score,volatility_penalty,extension_penalty,reason,regime_reason,sma_20,sma_50,sma_200,high_52w
AMGN,WATCH,83,88,DEFENSIVE,30,-5,371.5,1.49,5.71,9.21,47.5,1.29,1.49,TREND,32,26,12,18,0,0,strong trend; healthy momentum; volume support; relative strength,SPY BEARISH 36; QQQ BEARISH 26,363.93,349.43,341.11,388.16
CP.TO,WATCH,83,88,DEFENSIVE,30,-5,130.06,1.18,7.69,9.63,66.4,1.44,1.12,TREND,32,26,12,18,0,0,strong trend; healthy momentum; volume support; relative strength,SPY BEARISH 36; QQQ BEARISH 26,127.02,124.24,111.34,131.34
EWS,WATCH,83,88,DEFENSIVE,30,-5,31.44,-1.78,6.04,9.89,64.9,2.14,0.95,TREND,32,26,12,18,0,0,strong trend; healthy momentum; volume support; relative strength,SPY BEARISH 36; QQQ BEARISH 26,30.92,29.97,28.71,32.09
PM,WATCH,83,88,DEFENSIVE,30,-5,191.12,-1.64,6.9,18.78,58.9,1.22,2.13,TREND,32,26,12,18,0,0,strong trend; healthy momentum; volume support; relative strength,SPY BEARISH 36; QQQ BEARISH 26,184.59,182.99,168.82,194.3
RTX,WATCH,79,84,DEFENSIVE,30,-5,209.16,7.33,13.02,20.64,64.1,2.16,2.06,TREND,28,26,12,18,0,0,strong trend; healthy momentum; volume support; relative strength,SPY BEARISH 36; QQQ BEARISH 26,194.83,185.64,186.31,212.16
CIB,WATCH,78,83,DEFENSIVE,30,-5,86.79,2.52,9.47,25.02,69.0,1.32,1.74,TREND,32,21,12,18,0,0,strong trend; healthy momentum; volume support; relative strength,SPY BEARISH 36; QQQ BEARISH 26,81.02,75.8,69.73,86.79
JPM,WATCH,78,83,DEFENSIVE,30,-5,349.9,0.49,4.93,12.28,64.7,1.04,1.28,TREND,32,26,7,18,0,0,strong trend; healthy momentum; volume support; relative strength,SPY BEARISH 36; QQQ BEARISH 26,337.99,321.39,310.46,349.9
NWG.L,WATCH,78,83,DEFENSIVE,30,-5,676.0,0.81,2.99,18.8,45.7,1.38,1.51,TREND,32,21,12,18,0,0,strong trend; healthy momentum; volume support; relative strength,SPY BEARISH 36; QQQ BEARISH 26,669.15,632.22,610.24,694.2
SLF.TO,WATCH,78,83,DEFENSIVE,30,-5,114.76,0.05,4.31,17.86,56.6,1.02,0.92,TREND,32,26,7,18,0,0,strong trend; healthy momentum; volume support; relative strength,SPY BEARISH 36; QQQ BEARISH 26,112.89,107.15,92.51,114.76
ALV.DE,WATCH,74,79,DEFENSIVE,30,-5,427.1,0.64,4.71,9.79,60.9,0.84,0.65,TREND,32,26,3,18,0,0,strong trend; healthy momentum; relative strength,SPY BEARISH 36; QQQ BEARISH 26,420.25,401.02,378.4,427.1
BAC,WATCH,74,79,DEFENSIVE,30,-5,61.28,-0.55,6.15,16.44,64.0,0.83,1.31,TREND,32,26,3,18,0,0,strong trend; healthy momentum; relative strength,SPY BEARISH 36; QQQ BEARISH 26,59.7,55.85,53.2,61.62
BNP.PA,WATCH,74,79,DEFENSIVE,30,-5,105.92,2.08,4.75,18.7,55.5,0.92,1.57,TREND,32,26,3,18,0,0,strong trend; healthy momentum; relative strength,SPY BEARISH 36; QQQ BEARISH 26,102.43,98.01,86.6,106.78
CNR.TO,WATCH,74,79,DEFENSIVE,30,-5,183.92,2.05,11.47,16.88,73.2,1.46,1.34,TREND,32,21,12,18,0,-4,strong trend; healthy momentum; volume support; relative strength,SPY BEARISH 36; QQQ BEARISH 26,175.49,167.59,147.2,183.92
ISP.MI,WATCH,74,79,DEFENSIVE,30,-5,6.44,2.5,8.17,11.48,59.3,0.87,1.39,TREND,32,26,3,18,0,0,strong trend; healthy momentum; relative strength,SPY BEARISH 36; QQQ BEARISH 26,6.24,5.98,5.74,6.45
JNJ,WATCH,74,79,DEFENSIVE,30,-5,259.27,1.42,7.58,15.06,46.5,0.93,1.95,TREND,32,26,3,18,0,0,strong trend; healthy momentum; relative strength,SPY BEARISH 36; QQQ BEARISH 26,255.55,241.15,224.26,267.24
MFC.TO,WATCH,74,79,DEFENSIVE,30,-5,60.69,0.03,7.32,14.94,66.3,0.81,0.98,TREND,32,26,3,18,0,0,strong trend; healthy momentum; relative strength,SPY BEARISH 36; QQQ BEARISH 26,59.04,56.29,51.0,60.86
MRK,WATCH,74,79,DEFENSIVE,30,-5,130.48,2.36,8.19,18.37,51.5,0.86,2.17,TREND,32,26,3,18,0,0,strong trend; healthy momentum; relative strength,SPY BEARISH 36; QQQ BEARISH 26,126.47,120.72,110.28,130.48
ZURN.SW,WATCH,74,79,DEFENSIVE,30,-5,623.0,0.81,5.77,14.56,60.3,0.92,0.74,TREND,32,26,3,18,0,0,strong trend; healthy momentum; relative strength,SPY BEARISH 36; QQQ BEARISH 26,611.93,585.11,569.14,624.4
HON,WATCH,73,78,DEFENSIVE,30,-5,246.27,5.7,3.25,10.74,66.7,1.26,2.51,RECOVERING,26,26,12,18,-4,0,strong trend; healthy momentum; volume support; relative strength,SPY BEARISH 36; QQQ BEARISH 26,228.51,231.88,226.21,260.14
HSBA.L,WATCH,73,78,DEFENSIVE,30,-5,1552.8,1.69,9.15,16.66,71.4,1.11,0.96,TREND,32,21,7,18,0,0,strong trend; healthy momentum; volume support; relative strength,SPY BEARISH 36; QQQ BEARISH 26,1476.02,1420.96,1251.8,1552.8
4502.T,WATCH,71,76,DEFENSIVE,30,-5,5778.0,2.3,13.58,10.73,65.5,0.69,1.42,TREND,32,26,0,18,0,0,strong trend; healthy momentum; relative strength,SPY BEARISH 36; QQQ BEARISH 26,5404.15,5187.48,5070.41,5890.0
8316.T,WATCH,71,76,DEFENSIVE,30,-5,7211.0,0.7,12.83,33.44,66.7,0.64,1.64,TREND,32,26,0,18,0,0,strong trend; healthy momentum; relative strength,SPY BEARISH 36; QQQ BEARISH 26,6837.35,6445.98,5413.81,7211.0
AAPL,WATCH,71,76,DEFENSIVE,30,-5,321.66,-1.3,9.75,20.2,63.0,0.63,2.38,TREND,32,26,0,18,0,0,strong trend; healthy momentum; relative strength,SPY BEARISH 36; QQQ BEARISH 26,311.49,305.47,275.6,333.74
EPU,WATCH,71,76,DEFENSIVE,30,-5,85.68,-2.81,3.32,6.3,54.1,0.74,1.78,TREND,32,26,0,18,0,0,strong trend; healthy momentum; relative strength,SPY BEARISH 36; QQQ BEARISH 26,84.77,84.36,78.15,93.84
LLOY.L,WATCH,71,76,DEFENSIVE,30,-5,113.5,0.93,3.94,16.95,45.1,0.6,1.4,TREND,32,26,0,18,0,0,strong trend; healthy momentum; relative strength,SPY BEARISH 36; QQQ BEARISH 26,112.48,106.05,99.01,115.35
STAN.L,WATCH,71,76,DEFENSIVE,30,-5,2137.0,0.38,4.96,19.39,47.8,0.72,1.13,TREND,32,26,0,18,0,0,strong trend; healthy momentum; relative strength,SPY BEARISH 36; QQQ BEARISH 26,2109.9,2025.74,1783.59,2155.0
UBSG.SW,WATCH,71,76,DEFENSIVE,30,-5,42.31,0.17,5.85,27.13,52.6,0.7,1.46,TREND,32,26,0,18,0,0,strong trend; healthy momentum; relative strength,SPY BEARISH 36; QQQ BEARISH 26,41.97,39.81,34.64,44.28
XLF,WATCH,71,76,DEFENSIVE,30,-5,55.83,-0.39,3.93,7.76,52.3,0.72,0.88,TREND,32,26,0,18,0,0,strong trend; healthy momentum; relative strength,SPY BEARISH 36; QQQ BEARISH 26,55.45,53.52,52.73,56.75
AIR.PA,WATCH,70,75,DEFENSIVE,30,-5,206.05,0.76,7.37,17.82,46.1,0.85,2.2,TREND,28,26,3,18,0,0,strong trend; healthy momentum; relative strength,SPY BEARISH 36; QQQ BEARISH 26,199.03,187.24,189.94,220.2
BMO.TO,WATCH,70,75,DEFENSIVE,30,-5,248.95,-1.31,1.39,20.15,52.6,1.35,1.13,MIXED,24,21,12,18,0,0,strong trend; healthy momentum; volume support; relative strength,SPY BEARISH 36; QQQ BEARISH 26,251.31,237.47,199.95,257.76
BNS.TO,WATCH,70,75,DEFENSIVE,30,-5,121.88,-1.2,0.33,16.19,48.6,1.15,1.14,MIXED,24,21,12,18,0,0,strong trend; healthy momentum; volume support; relative strength,SPY BEARISH 36; QQQ BEARISH 26,123.29,117.52,103.55,126.86
UCG.MI,WATCH,70,75,DEFENSIVE,30,-5,80.43,1.53,4.33,22.57,46.3,1.1,2.01,MIXED,24,26,7,18,0,0,strong trend; healthy momentum; volume support; relative strength,SPY BEARISH 36; QQQ BEARISH 26,81.11,77.15,69.97,83.21
XLI,WATCH,70,75,DEFENSIVE,30,-5,181.94,1.73,0.96,5.47,43.9,1.26,1.04,TREND,32,13,12,18,0,0,strong trend; volume support; relative strength,SPY BEARISH 36; QQQ BEARISH 26,181.5,177.45,166.47,185.56
BARC.L,WATCH,69,74,DEFENSIVE,30,-5,525.4,1.14,2.88,21.9,47.6,0.97,1.3,TREND,32,21,3,18,0,0,strong trend; healthy momentum; relative strength,SPY BEARISH 36; QQQ BEARISH 26,517.58,487.74,447.42,529.5
7267.T,WATCH,67,72,DEFENSIVE,30,-5,1583.5,3.09,9.24,22.51,47.4,0.46,1.9,TREND,28,26,0,18,0,0,strong trend; healthy momentum; relative strength,SPY BEARISH 36; QQQ BEARISH 26,1530.67,1463.12,1481.27,1702.5
8766.T,WATCH,66,71,DEFENSIVE,30,-5,8246.0,1.6,19.46,15.1,62.9,0.55,2.37,TREND,32,21,0,18,0,0,strong trend; healthy momentum; relative strength,SPY BEARISH 36; QQQ BEARISH 26,7687.9,7445.44,6540.62,8246.0
ENB.TO,WATCH,66,71,DEFENSIVE,30,-5,79.43,0.18,0.8,9.39,66.7,0.76,1.12,TREND,32,21,0,18,0,0,strong trend; healthy momentum; relative strength,SPY BEARISH 36; QQQ BEARISH 26,78.25,78.06,71.42,80.19
MQG.AX,WATCH,66,71,DEFENSIVE,30,-5,257.37,0.91,2.94,8.05,59.1,0.47,0.82,TREND,32,21,0,18,0,0,strong trend; healthy momentum; relative strength,SPY BEARISH 36; QQQ BEARISH 26,253.73,246.81,220.82,258.41
NOVN.SW,WATCH,66,71,DEFENSIVE,30,-5,126.9,-0.6,0.49,10.62,55.1,0.78,1.31,TREND,32,21,0,18,0,0,strong trend; healthy momentum; relative strength,SPY BEARISH 36; QQQ BEARISH 26,125.3,121.61,115.41,130.5
UNH,WATCH,66,71,DEFENSIVE,30,-5,423.56,-1.8,4.38,19.42,49.0,0.8,1.82,MIXED,24,26,3,18,0,0,strong trend; healthy momentum; relative strength,SPY BEARISH 36; QQQ BEARISH 26,424.69,407.11,342.94,436.35
RY.TO,WATCH,65,70,DEFENSIVE,30,-5,293.67,-1.44,1.96,20.78,53.7,1.0,1.13,MIXED,24,21,7,18,0,0,strong trend; healthy momentum; volume support; relative strength,SPY BEARISH 36; QQQ BEARISH 26,295.8,280.06,239.36,305.74
SREN.SW,WATCH,65,70,DEFENSIVE,30,-5,134.5,1.59,5.24,5.32,57.9,0.85,1.3,TREND,28,26,3,13,0,0,strong trend; healthy momentum; relative strength,SPY BEARISH 36; QQQ BEARISH 26,132.55,125.68,131.8,154.65
TMO,WATCH,65,70,DEFENSIVE,30,-5,572.32,8.71,16.28,22.28,71.3,2.5,2.36,TREND,28,21,12,13,0,-4,strong trend; healthy momentum; volume support; relative strength,SPY BEARISH 36; QQQ BEARISH 26,524.07,489.81,529.58,639.45
XLRE,WATCH,65,70,DEFENSIVE,30,-5,44.95,-0.13,0.99,3.36,53.4,0.97,0.99,TREND,32,17,3,18,0,0,strong trend; healthy momentum; relative strength,SPY BEARISH 36; QQQ BEARISH 26,44.73,44.48,42.53,45.46
VOD.L,WATCH,64,69,DEFENSIVE,30,-5,114.6,-1.33,8.47,0.09,71.4,1.42,3.61,RECOVERING,26,17,12,18,-4,0,strong trend; healthy momentum; volume support; relative strength,SPY BEARISH 36; QQQ BEARISH 26,107.88,109.54,105.09,120.4
ABBV,WATCH,63,68,DEFENSIVE,30,-5,256.92,1.43,9.38,30.17,44.5,0.52,1.99,TREND,32,18,0,18,0,0,strong trend; healthy momentum; relative strength,SPY BEARISH 36; QQQ BEARISH 26,252.01,232.27,223.86,261.07
XLV,WATCH,63,68,DEFENSIVE,30,-5,161.44,1.26,5.28,12.53,44.6,0.62,1.4,TREND,32,18,0,18,0,0,strong trend; healthy momentum; relative strength,SPY BEARISH 36; QQQ BEARISH 26,160.58,154.16,151.81,164.44
0005.HK,WATCH,62,67,DEFENSIVE,30,-5,161.2,-0.12,9.14,14.65,74.2,0.34,0.84,TREND,32,21,0,18,0,-4,strong trend; healthy momentum; relative strength,SPY BEARISH 36; QQQ BEARISH 26,154.64,148.34,130.12,161.5
6902.T,WATCH,62,67,DEFENSIVE,30,-5,2043.0,3.34,8.96,8.47,60.0,0.6,1.35,TREND,28,26,0,13,0,0,strong trend; healthy momentum; relative strength,SPY BEARISH 36; QQQ BEARISH 26,1953.05,1908.8,2041.52,2315.0
DB1.DE,WATCH,62,67,DEFENSIVE,30,-5,258.1,1.94,8.31,-1.34,54.2,0.88,1.49,TREND,32,18,3,14,0,0,strong trend; healthy momentum; relative strength,SPY BEARISH 36; QQQ BEARISH 26,252.16,249.76,234.1,267.3
EC,WATCH,62,67,DEFENSIVE,30,-5,16.33,-2.16,11.93,19.02,72.3,0.76,1.71,TREND,32,21,0,18,0,-4,strong trend; healthy momentum; relative strength,SPY BEARISH 36; QQQ BEARISH 26,15.39,15.15,12.51,16.69
EWC,WATCH,62,67,DEFENSIVE,30,-5,58.82,-0.78,2.67,1.45,61.4,0.71,0.58,TREND,32,17,0,18,0,0,strong trend; healthy momentum; relative strength,SPY BEARISH 36; QQQ BEARISH 26,58.47,58.36,55.36,59.49
IJR,WATCH,62,67,DEFENSIVE,30,-5,144.88,-0.62,0.32,6.09,44.0,1.4,0.76,MIXED,24,13,12,18,0,0,strong trend; volume support; relative strength,SPY BEARISH 36; QQQ BEARISH 26,146.12,141.93,129.43,148.31
UUP,WATCH,62,67,DEFENSIVE,30,-5,28.56,0.39,0.11,4.04,62.0,0.78,0.29,TREND,32,17,0,18,0,0,strong trend; healthy momentum; relative strength,SPY BEARISH 36; QQQ BEARISH 26,28.4,28.1,27.71,28.56
8306.T,WATCH,61,66,DEFENSIVE,30,-5,3787.0,0.88,16.7,35.83,72.4,0.84,1.8,TREND,32,21,3,18,0,-8,strong trend; healthy momentum; relative strength; overextended,SPY BEARISH 36; QQQ BEARISH 26,3495.0,3288.7,2795.79,3787.0
ARGT,WATCH,61,66,DEFENSIVE,30,-5,94.11,-2.37,3.73,2.33,57.2,0.72,1.49,RECOVERING,26,22,0,18,0,0,strong trend; healthy momentum; relative strength,SPY BEARISH 36; QQQ BEARISH 26,93.04,93.34,90.66,102.94
ITUB,WATCH,61,66,DEFENSIVE,30,-5,8.35,-1.53,5.96,-5.11,56.6,1.08,1.61,TREND,32,18,7,9,0,0,strong trend; healthy momentum; volume support,SPY BEARISH 36; QQQ BEARISH 26,8.3,8.02,7.96,9.57
6098.T,WATCH,59,64,DEFENSIVE,30,-5,12550.0,4.11,13.68,71.87,59.6,0.51,2.14,TREND,32,14,0,18,0,0,strong trend; relative strength,SPY BEARISH 36; QQQ BEARISH 26,12201.75,11220.26,8569.98,12920.0
TSCO.L,WATCH,59,64,DEFENSIVE,30,-5,480.3,1.07,4.44,-0.09,65.9,0.55,1.32,TREND,32,18,0,14,0,0,strong trend; healthy momentum; relative strength,SPY BEARISH 36; QQQ BEARISH 26,471.43,460.59,458.92,501.2
8001.T,WATCH,58,63,DEFENSIVE,30,-5,1977.5,1.02,7.85,2.67,66.3,0.48,0.99,TREND,28,22,0,13,0,0,strong trend; healthy momentum; relative strength,SPY BEARISH 36; QQQ BEARISH 26,1906.85,1893.33,1939.9,2270.0
9432.T,WATCH,58,63,DEFENSIVE,30,-5,153.9,1.72,6.65,1.79,72.0,0.68,0.99,TREND,28,17,0,18,0,0,strong trend; healthy momentum; relative strength,SPY BEARISH 36; QQQ BEARISH 26,148.85,148.6,153.28,165.5
ANZ.AX,WATCH,58,63,DEFENSIVE,30,-5,36.92,1.23,4.89,3.68,69.1,0.48,1.04,TREND,28,17,0,18,0,0,strong trend; healthy momentum; relative strength,SPY BEARISH 36; QQQ BEARISH 26,35.78,35.29,36.44,40.89
EWI,WATCH,58,63,DEFENSIVE,30,-5,59.72,-2.19,1.48,4.44,42.1,1.54,0.95,MIXED,24,9,12,18,0,0,strong trend; volume support; relative strength,SPY BEARISH 36; QQQ BEARISH 26,60.11,59.56,55.65,61.14
EWP,WATCH,58,63,DEFENSIVE,30,-5,59.02,-1.85,1.13,5.51,45.7,0.54,0.96,MIXED,24,21,0,18,0,0,strong trend; healthy momentum; relative strength,SPY BEARISH 36; QQQ BEARISH 26,59.29,58.2,54.87,60.28
FMX,WATCH,58,63,DEFENSIVE,30,-5,127.08,-2.93,3.25,12.42,44.9,0.87,1.73,MIXED,24,18,3,18,0,0,strong trend; healthy momentum; relative strength,SPY BEARISH 36; QQQ BEARISH 26,129.04,125.54,110.18,133.17
RR.L,WATCH,58,63,DEFENSIVE,30,-5,1415.6,4.16,0.67,28.85,37.3,1.66,1.99,MIXED,24,9,12,18,0,0,strong trend; volume support; relative strength,SPY BEARISH 36; QQQ BEARISH 26,1418.82,1347.32,1231.24,1504.2
TRP.TO,WATCH,57,62,DEFENSIVE,30,-5,98.46,0.13,-0.21,14.24,65.2,0.78,1.35,TREND,32,16,0,14,0,0,strong trend; healthy momentum; relative strength,SPY BEARISH 36; QQQ BEARISH 26,96.82,96.06,84.12,99.6
WFC,WATCH,57,62,DEFENSIVE,30,-5,86.19,-0.27,2.24,6.99,52.2,0.67,1.65,TREND,28,21,0,13,0,0,strong trend; healthy momentum; relative strength,SPY BEARISH 36; QQQ BEARISH 26,86.16,82.01,84.62,96.39
GS,WATCH,56,61,DEFENSIVE,30,-5,1074.72,-2.14,-0.2,14.6,57.3,0.9,3.0,TREND,32,16,3,14,-4,0,strong trend; healthy momentum; relative strength,SPY BEARISH 36; QQQ BEARISH 26,1060.41,1039.93,909.12,1152.07
MUV2.DE,WATCH,56,61,DEFENSIVE,30,-5,509.0,0.55,6.55,-0.35,60.0,1.96,1.12,TREND,22,18,12,9,0,0,strong trend; healthy momentum; volume support,SPY BEARISH 36; QQQ BEARISH 26,503.43,480.26,522.42,607.8
SBUX,WATCH,56,61,DEFENSIVE,30,-5,103.21,-0.74,-0.31,5.43,47.2,1.0,1.49,MIXED,24,16,7,14,0,0,strong trend; healthy momentum; volume support; relative strength,SPY BEARISH 36; QQQ BEARISH 26,104.63,102.61,94.17,108.37
AAL.L,WATCH,55,60,DEFENSIVE,30,-5,3721.0,2.51,0.08,5.86,47.8,1.58,2.94,RECOVERING,18,21,12,13,-4,0,developing trend; healthy momentum; volume support; relative strength,SPY BEARISH 36; QQQ BEARISH 26,3597.75,3775.76,3361.5,4225.0
GILD,WATCH,55,60,DEFENSIVE,30,-5,130.86,0.4,4.55,2.43,49.3,0.84,2.26,TREND,22,22,3,13,0,0,strong trend; healthy momentum; relative strength,SPY BEARISH 36; QQQ BEARISH 26,130.82,129.77,131.33,155.8
LLY,WATCH,55,60,DEFENSIVE,30,-5,1185.87,1.97,6.14,36.58,44.5,0.67,2.38,MIXED,24,18,0,18,0,0,strong trend; healthy momentum; relative strength,SPY BEARISH 36; QQQ BEARISH 26,1186.92,1125.3,1014.37,1235.56
V,WATCH,55,60,DEFENSIVE,30,-5,351.6,-0.51,5.83,13.55,40.4,0.49,1.55,MIXED,24,18,0,18,0,0,strong trend; healthy momentum; relative strength,SPY BEARISH 36; QQQ BEARISH 26,351.64,335.88,329.81,365.14
AMD,IGNORE,54,59,DEFENSIVE,30,-5,539.69,-2.29,3.84,61.28,54.0,0.96,4.64,TREND,32,14,3,18,-8,0,strong trend; relative strength; volatility risk,SPY BEARISH 36; QQQ BEARISH 26,533.59,507.01,304.09,580.91
EWU,IGNORE,54,59,DEFENSIVE,30,-5,46.7,-1.14,2.75,0.19,44.2,0.47,0.93,TREND,32,9,0,18,0,0,strong trend; relative strength,SPY BEARISH 36; QQQ BEARISH 26,46.57,46.53,45.34,48.68
XLU,IGNORE,54,59,DEFENSIVE,30,-5,46.19,0.57,1.43,0.0,54.7,0.75,1.04,TREND,32,13,0,14,0,0,strong trend; relative strength,SPY BEARISH 36; QQQ BEARISH 26,45.5,44.9,44.87,47.73
EWO,IGNORE,53,58,DEFENSIVE,30,-5,41.8,-1.72,-0.48,7.48,42.3,1.59,1.24,MIXED,24,8,12,14,0,0,strong trend; volume support; relative strength,SPY BEARISH 36; QQQ BEARISH 26,42.16,41.35,36.82,43.14
IWM,IGNORE,53,58,DEFENSIVE,30,-5,292.09,-0.58,-1.55,5.39,40.4,1.25,0.72,MIXED,24,8,12,14,0,0,strong trend; volume support; relative strength,SPY BEARISH 36; QQQ BEARISH 26,296.25,291.02,264.43,300.45
BHP.AX,IGNORE,52,57,DEFENSIVE,30,-5,60.12,2.16,0.5,9.43,54.2,0.44,1.89,RECOVERING,18,21,0,18,0,0,developing trend; healthy momentum; relative strength,SPY BEARISH 36; QQQ BEARISH 26,59.02,60.34,51.83,65.59
GREK,IGNORE,52,57,DEFENSIVE,30,-5,75.28,-2.44,-0.48,7.4,47.4,0.81,1.51,MIXED,24,16,3,14,0,0,strong trend; healthy momentum; relative strength,SPY BEARISH 36; QQQ BEARISH 26,76.14,74.65,69.41,78.55
MS,IGNORE,52,57,DEFENSIVE,30,-5,215.18,-1.52,-2.13,13.15,51.2,0.83,2.15,MIXED,24,16,3,14,0,0,strong trend; healthy momentum; relative strength,SPY BEARISH 36; QQQ BEARISH 26,217.92,212.2,182.74,228.55
NAB.AX,IGNORE,52,57,DEFENSIVE,30,-5,40.97,1.44,8.13,2.86,67.2,0.39,1.33,TREND,22,22,0,13,0,0,strong trend; healthy momentum; relative strength,SPY BEARISH 36; QQQ BEARISH 26,39.31,38.12,41.72,49.1
8058.T,IGNORE,51,56,DEFENSIVE,30,-5,4855.0,-1.28,10.27,0.94,68.4,0.46,1.83,RECOVERING,26,17,0,13,0,0,strong trend; healthy momentum; relative strength,SPY BEARISH 36; QQQ BEARISH 26,4548.85,4754.08,4468.75,5882.0
EWZ,IGNORE,51,56,DEFENSIVE,30,-5,36.17,-1.23,6.85,-9.33,63.7,0.93,1.33,RECOVERING,26,18,3,9,0,0,strong trend; healthy momentum,SPY BEARISH 36; QQQ BEARISH 26,35.16,35.28,35.22,41.73
IBB,IGNORE,51,56,DEFENSIVE,30,-5,188.98,1.06,4.1,11.81,37.6,0.74,1.37,MIXED,24,14,0,18,0,0,strong trend; relative strength,SPY BEARISH 36; QQQ BEARISH 26,190.77,178.56,170.49,198.23
NU,IGNORE,51,56,DEFENSIVE,30,-5,14.19,-2.21,13.88,-3.07,58.1,1.76,2.18,TREND,22,18,12,4,0,0,strong trend; healthy momentum; volume support,SPY BEARISH 36; QQQ BEARISH 26,13.68,12.98,15.14,18.76
XLE,IGNORE,51,56,DEFENSIVE,30,-5,59.38,0.3,10.85,4.6,85.0,1.21,1.16,RECOVERING,26,8,12,18,0,-8,strong trend; volume support; relative strength; overextended,SPY BEARISH 36; QQQ BEARISH 26,55.69,56.71,52.16,62.56
BBD,IGNORE,50,55,DEFENSIVE,30,-5,3.66,-1.88,8.61,-6.39,63.0,0.67,1.85,TREND,28,18,0,9,0,0,strong trend; healthy momentum,SPY BEARISH 36; QQQ BEARISH 26,3.54,3.49,3.62,4.21
EIRL,IGNORE,50,55,DEFENSIVE,30,-5,78.3,-1.51,1.02,10.59,42.5,0.18,0.89,MIXED,24,13,0,18,0,0,strong trend; relative strength,SPY BEARISH 36; QQQ BEARISH 26,78.89,77.1,72.99,79.87
III.L,IGNORE,50,55,DEFENSIVE,30,-5,2758.0,3.14,8.93,8.8,60.4,0.99,1.92,TREND,22,26,3,4,0,0,strong trend; healthy momentum,SPY BEARISH 36; QQQ BEARISH 26,2605.75,2394.18,3035.99,4459.0
IMB.L,IGNORE,50,55,DEFENSIVE,30,-5,2823.0,0.93,1.55,1.88,58.4,0.83,1.37,TREND,22,17,3,13,0,0,strong trend; healthy momentum; relative strength,SPY BEARISH 36; QQQ BEARISH 26,2776.35,2774.68,3011.09,3341.0
MA,IGNORE,50,55,DEFENSIVE,30,-5,530.29,-0.32,7.26,4.71,44.7,0.59,1.61,TREND,28,14,0,13,0,0,strong trend; relative strength,SPY BEARISH 36; QQQ BEARISH 26,528.08,506.38,528.18,598.96
PRU.L,IGNORE,50,55,DEFENSIVE,30,-5,1096.0,1.01,8.89,-0.59,67.2,0.56,1.4,TREND,28,18,0,9,0,0,strong trend; healthy momentum,SPY BEARISH 36; QQQ BEARISH 26,1047.36,1041.71,1090.47,1220.0
SIE.DE,IGNORE,50,55,DEFENSIVE,30,-5,272.25,1.51,1.78,7.8,40.7,0.76,2.06,MIXED,24,13,0,18,0,0,strong trend; relative strength,SPY BEARISH 36; QQQ BEARISH 26,272.29,270.72,247.5,284.1
9433.T,IGNORE,49,54,DEFENSIVE,30,-5,2948.5,0.89,9.98,17.1,87.0,0.53,1.22,TREND,32,12,0,18,0,-8,strong trend; relative strength; overextended,SPY BEARISH 36; QQQ BEARISH 26,2808.53,2744.4,2649.71,2948.5
IBE.MC,IGNORE,49,54,DEFENSIVE,30,-5,21.21,0.71,-2.21,6.32,58.4,0.46,1.18,MIXED,24,16,0,14,0,0,strong trend; healthy momentum; relative strength,SPY BEARISH 36; QQQ BEARISH 26,21.26,20.6,19.25,21.84
IBN,IGNORE,49,54,DEFENSIVE,30,-5,29.24,-0.71,0.83,6.17,47.3,0.48,1.29,MIXED,20,21,0,13,0,0,developing trend; healthy momentum; relative strength,SPY BEARISH 36; QQQ BEARISH 26,29.39,27.7,29.04,34.1
SAN.MC,IGNORE,49,54,DEFENSIVE,30,-5,11.98,3.17,1.27,15.41,39.4,0.87,1.88,MIXED,24,9,3,18,0,0,strong trend; relative strength,SPY BEARISH 36; QQQ BEARISH 26,12.05,11.42,10.25,12.51
TD.TO,IGNORE,49,54,DEFENSIVE,30,-5,167.87,-1.67,-0.84,16.46,45.7,0.61,1.21,MIXED,24,16,0,14,0,0,strong trend; healthy momentum; relative strength,SPY BEARISH 36; QQQ BEARISH 26,170.99,163.63,136.78,175.27
WOW.AX,IGNORE,49,54,DEFENSIVE,30,-5,39.27,0.23,-3.16,14.99,48.0,0.24,0.88,MIXED,24,16,0,14,0,0,strong trend; healthy momentum; relative strength,SPY BEARISH 36; QQQ BEARISH 26,39.51,37.78,33.27,40.55
NTR.TO,IGNORE,48,53,DEFENSIVE,30,-5,96.48,0.08,12.26,-3.35,63.9,0.42,1.6,RECOVERING,26,18,0,9,0,0,strong trend; healthy momentum,SPY BEARISH 36; QQQ BEARISH 26,92.69,93.38,92.39,114.41
REGN,IGNORE,48,53,DEFENSIVE,30,-5,651.91,0.11,4.57,-12.43,49.0,1.46,1.92,MIXED,14,18,12,9,0,0,developing trend; healthy momentum; volume support,SPY BEARISH 36; QQQ BEARISH 26,654.92,641.68,705.78,812.27
2317.TW,IGNORE,47,52,DEFENSIVE,30,-5,248.0,-1.78,0.61,12.98,60.8,0.54,2.07,RECOVERING,18,21,0,13,0,0,developing trend; healthy momentum; relative strength,SPY BEARISH 36; QQQ BEARISH 26,242.38,256.77,233.27,309.0
ABT,IGNORE,47,52,DEFENSIVE,30,-5,100.75,0.18,11.34,8.57,61.6,0.74,2.95,TREND,22,26,0,8,-4,0,strong trend; healthy momentum,SPY BEARISH 36; QQQ BEARISH 26,95.29,90.91,109.17,136.62
DBC,IGNORE,47,52,DEFENSIVE,30,-5,30.31,1.51,14.59,0.73,87.7,1.19,1.14,RECOVERING,26,8,12,18,0,-12,strong trend; volume support; relative strength; overextended,SPY BEARISH 36; QQQ BEARISH 26,27.95,28.91,26.07,31.69
EXPN.L,IGNORE,47,52,DEFENSIVE,30,-5,2744.0,3.35,8.89,3.31,57.2,0.53,1.64,TREND,22,22,0,8,0,0,strong trend; healthy momentum,SPY BEARISH 36; QQQ BEARISH 26,2659.0,2609.98,2920.15,4004.0
NOVO-B.CO,IGNORE,47,52,DEFENSIVE,30,-5,320.6,0.09,0.83,21.67,49.6,0.86,1.65,MIXED,20,21,3,8,0,0,developing trend; healthy momentum,SPY BEARISH 36; QQQ BEARISH 26,323.96,303.28,305.77,452.1
LSEG.L,IGNORE,46,51,DEFENSIVE,30,-5,8774.0,2.4,8.83,-9.06,47.8,1.15,1.64,RECOVERING,12,18,12,9,0,0,healthy momentum; volume support,SPY BEARISH 36; QQQ BEARISH 26,8744.6,8852.28,8793.66,10100.0
RSP,IGNORE,46,51,DEFENSIVE,30,-5,211.92,-0.37,0.73,5.02,37.8,0.79,0.62,MIXED,24,9,0,18,0,0,strong trend; relative strength,SPY BEARISH 36; QQQ BEARISH 26,213.24,209.87,198.85,215.06
SAN.PA,IGNORE,46,51,DEFENSIVE,30,-5,76.03,-0.43,1.28,-4.75,58.6,1.09,1.35,TREND,22,13,7,9,0,0,strong trend; volume support,SPY BEARISH 36; QQQ BEARISH 26,75.95,75.65,80.12,90.44
XBI,IGNORE,46,51,DEFENSIVE,30,-5,152.23,0.08,1.68,14.42,36.9,0.72,1.79,MIXED,24,9,0,18,0,0,strong trend; relative strength,SPY BEARISH 36; QQQ BEARISH 26,156.73,143.3,127.69,164.28
XOM,IGNORE,46,51,DEFENSIVE,30,-5,156.89,1.58,14.6,5.87,82.2,1.02,1.54,RECOVERING,26,12,7,18,0,-12,strong trend; volume support; relative strength; overextended,SPY BEARISH 36; QQQ BEARISH 26,142.73,146.44,137.88,171.47
6758.T,IGNORE,45,50,DEFENSIVE,30,-5,3566.0,4.61,11.47,11.86,62.2,0.53,1.68,RECOVERING,16,26,0,8,0,0,developing trend; healthy momentum,SPY BEARISH 36; QQQ BEARISH 26,3402.1,3415.88,3714.8,4700.0
DBA,IGNORE,45,50,DEFENSIVE,30,-5,28.24,0.04,6.33,2.43,79.3,0.65,0.94,TREND,32,8,0,18,0,-8,strong trend; relative strength; overextended,SPY BEARISH 36; QQQ BEARISH 26,27.5,27.3,26.66,28.73
DIA,IGNORE,45,50,DEFENSIVE,30,-5,516.26,-1.0,-0.44,4.97,31.9,1.16,0.56,MIXED,24,0,12,14,0,0,strong trend; volume support; relative strength,SPY BEARISH 36; QQQ BEARISH 26,523.03,514.15,488.86,530.09
MDY,IGNORE,45,50,DEFENSIVE,30,-5,687.93,-0.32,-0.45,3.48,45.0,0.69,0.72,MIXED,24,12,0,14,0,0,strong trend; relative strength,SPY BEARISH 36; QQQ BEARISH 26,691.46,683.83,638.52,703.34
VTI,IGNORE,45,50,DEFENSIVE,30,-5,364.69,-1.13,0.29,3.45,43.3,1.02,0.68,MIXED,16,9,7,18,0,0,developing trend; volume support; relative strength,SPY BEARISH 36; QQQ BEARISH 26,368.76,367.64,344.24,374.36
6501.T,IGNORE,44,49,DEFENSIVE,30,-5,4994.0,2.97,11.52,-6.76,60.3,0.58,1.91,RECOVERING,22,18,0,9,0,0,strong trend; healthy momentum,SPY BEARISH 36; QQQ BEARISH 26,4743.8,4842.56,4903.82,5818.0
ADS.DE,IGNORE,44,49,DEFENSIVE,30,-5,173.6,-1.64,-4.46,17.77,31.1,1.75,1.48,MIXED,24,4,12,9,0,0,strong trend; volume support,SPY BEARISH 36; QQQ BEARISH 26,181.38,172.31,159.69,197.7
ATD.TO,IGNORE,44,49,DEFENSIVE,30,-5,88.66,-0.64,-5.44,16.77,40.1,0.81,1.21,MIXED,24,8,3,14,0,0,strong trend; relative strength,SPY BEARISH 36; QQQ BEARISH 26,90.96,85.22,78.47,93.76
AXP,IGNORE,44,49,DEFENSIVE,30,-5,340.84,-2.27,-0.5,6.9,42.0,1.38,1.66,MIXED,20,8,12,9,0,0,developing trend; volume support,SPY BEARISH 36; QQQ BEARISH 26,348.92,330.91,339.17,384.89
WCN.TO,IGNORE,44,49,DEFENSIVE,30,-5,236.4,0.09,-0.2,5.68,44.9,1.8,1.21,MIXED,20,8,12,9,0,0,developing trend; volume support,SPY BEARISH 36; QQQ BEARISH 26,239.64,225.17,230.16,264.24
AMX,IGNORE,43,48,DEFENSIVE,30,-5,25.95,-0.65,-0.15,0.54,55.2,1.87,1.12,MIXED,10,12,12,14,0,0,volume support; relative strength,SPY BEARISH 36; QQQ BEARISH 26,26.12,26.17,23.91,27.75
BATS.L,IGNORE,43,48,DEFENSIVE,30,-5,4572.0,2.05,-3.77,7.35,49.4,0.6,1.81,RECOVERING,18,16,0,14,0,0,developing trend; healthy momentum; relative strength,SPY BEARISH 36; QQQ BEARISH 26,4563.8,4599.4,4352.02,4962.0
GLEN.L,IGNORE,43,48,DEFENSIVE,30,-5,537.3,-0.07,4.39,-2.89,59.5,0.91,1.82,RECOVERING,18,18,3,9,0,0,developing trend; healthy momentum,SPY BEARISH 36; QQQ BEARISH 26,517.35,549.92,482.25,615.0
NVDA,IGNORE,43,48,DEFENSIVE,30,-5,208.76,-1.56,4.9,-3.62,62.1,0.83,2.27,RECOVERING,18,18,3,9,0,0,developing trend; healthy momentum,SPY BEARISH 36; QQQ BEARISH 26,202.78,209.46,192.8,235.74
CVX,IGNORE,42,47,DEFENSIVE,30,-5,194.42,0.75,13.4,5.22,88.8,0.94,1.43,RECOVERING,26,12,3,18,0,-12,strong trend; relative strength; overextended,SPY BEARISH 36; QQQ BEARISH 26,178.3,182.54,174.19,211.15
KO,IGNORE,42,47,DEFENSIVE,30,-5,81.17,-1.25,0.71,7.6,40.0,0.75,1.76,MIXED,16,13,0,18,0,0,developing trend; relative strength,SPY BEARISH 36; QQQ BEARISH 26,82.63,81.31,75.48,84.92
MELI,IGNORE,42,47,DEFENSIVE,30,-5,1798.7,-0.03,8.38,-2.21,56.7,0.81,1.59,TREND,22,18,3,4,0,0,strong trend; healthy momentum,SPY BEARISH 36; QQQ BEARISH 26,1788.89,1694.57,1902.44,2510.97
PANW,IGNORE,42,47,DEFENSIVE,30,-5,325.63,-2.88,14.15,78.04,42.1,0.8,3.95,MIXED,24,6,3,18,-4,0,strong trend; relative strength,SPY BEARISH 36; QQQ BEARISH 26,337.57,294.88,211.05,358.68
SHEL.L,IGNORE,42,47,DEFENSIVE,30,-5,3305.5,-1.15,14.06,0.78,81.7,0.86,1.39,RECOVERING,26,8,3,18,0,-8,strong trend; relative strength; overextended,SPY BEARISH 36; QQQ BEARISH 26,3088.8,3120.69,3004.99,3583.0
035420.KS,IGNORE,41,46,DEFENSIVE,30,-5,226000.0,8.92,15.07,5.12,64.1,2.2,4.28,RECOVERING,16,26,12,8,-8,-8,developing trend; healthy momentum; volume support; volatility risk; overextended,SPY BEARISH 36; QQQ BEARISH 26,196920.0,214236.0,233854.0,287000.0
CBA.AX,IGNORE,41,46,DEFENSIVE,30,-5,175.9,1.07,7.51,1.65,78.7,0.4,1.01,TREND,28,8,0,18,0,-8,strong trend; relative strength; overextended,SPY BEARISH 36; QQQ BEARISH 26,168.89,165.18,165.84,183.52
EWN,IGNORE,41,46,DEFENSIVE,30,-5,67.1,-1.58,-0.77,7.1,48.0,0.37,1.65,MIXED,16,16,0,14,0,0,developing trend; healthy momentum; relative strength,SPY BEARISH 36; QQQ BEARISH 26,67.92,67.52,61.83,70.84
ITX.MC,IGNORE,41,46,DEFENSIVE,30,-5,54.46,1.11,-2.75,7.67,42.1,0.71,1.53,MIXED,24,8,0,14,0,0,strong trend; relative strength,SPY BEARISH 36; QQQ BEARISH 26,54.91,54.35,52.97,57.92
MDLZ,IGNORE,41,46,DEFENSIVE,30,-5,60.05,-1.33,-2.74,4.58,46.8,1.1,2.08,RECOVERING,18,12,7,9,0,0,developing trend; volume support,SPY BEARISH 36; QQQ BEARISH 26,59.85,60.91,58.61,70.58
ULVR.L,IGNORE,41,46,DEFENSIVE,30,-5,4575.5,0.72,-0.54,8.57,51.2,1.11,1.32,MIXED,14,16,7,9,0,0,developing trend; healthy momentum; volume support,SPY BEARISH 36; QQQ BEARISH 26,4594.73,4423.58,4693.24,5472.0
VT,IGNORE,41,46,DEFENSIVE,30,-5,154.31,-1.1,0.03,2.65,44.0,0.87,0.78,MIXED,16,9,3,18,0,0,developing trend; relative strength,SPY BEARISH 36; QQQ BEARISH 26,156.0,155.98,146.31,159.35
ASML.AS,IGNORE,40,45,DEFENSIVE,30,-5,1563.0,-1.03,-0.96,27.86,43.8,0.82,3.53,MIXED,24,8,3,14,-4,0,strong trend; relative strength,SPY BEARISH 36; QQQ BEARISH 26,1582.68,1528.2,1193.75,1721.4
EWA,IGNORE,40,45,DEFENSIVE,30,-5,28.49,-1.28,2.08,-2.4,57.8,0.61,0.8,RECOVERING,18,13,0,14,0,0,developing trend; relative strength,SPY BEARISH 36; QQQ BEARISH 26,28.35,28.6,27.89,30.26
GE,IGNORE,40,45,DEFENSIVE,30,-5,349.0,2.29,-4.61,22.65,30.7,0.82,1.72,MIXED,24,4,3,14,0,0,strong trend; relative strength,SPY BEARISH 36; QQQ BEARISH 26,359.73,337.0,313.32,378.68
IJH,IGNORE,40,45,DEFENSIVE,30,-5,75.45,-0.32,-0.41,3.58,44.9,0.94,0.73,MIXED,24,4,3,14,0,0,strong trend; relative strength,SPY BEARISH 36; QQQ BEARISH 26,75.83,74.96,69.93,77.11
NG.L,IGNORE,40,45,DEFENSIVE,30,-5,1237.5,0.28,-0.64,-3.31,51.5,0.46,1.53,TREND,32,8,0,5,0,0,strong trend,SPY BEARISH 36; QQQ BEARISH 26,1237.42,1229.18,1228.13,1400.0
OR.PA,IGNORE,40,45,DEFENSIVE,30,-5,374.7,1.59,-3.43,2.36,46.7,0.86,1.33,MIXED,16,12,3,14,0,0,developing trend; relative strength,SPY BEARISH 36; QQQ BEARISH 26,380.74,378.74,372.31,406.7
BP.L,IGNORE,39,44,DEFENSIVE,30,-5,548.4,-1.35,16.83,-4.78,80.5,1.15,1.88,RECOVERING,26,4,12,14,0,-12,strong trend; volume support; relative strength; overextended,SPY BEARISH 36; QQQ BEARISH 26,498.82,515.76,491.47,606.3
EWW,IGNORE,39,44,DEFENSIVE,30,-5,75.0,-2.23,1.64,-2.71,47.3,1.03,1.14,MIXED,10,13,7,14,0,0,volume support; relative strength,SPY BEARISH 36; QQQ BEARISH 26,75.31,76.6,73.74,81.23
WTB.L,IGNORE,39,44,DEFENSIVE,30,-5,2437.0,1.88,-0.73,2.18,60.1,1.63,1.49,RECOVERING,16,12,12,4,0,0,developing trend; volume support,SPY BEARISH 36; QQQ BEARISH 26,2373.7,2381.06,2559.91,3274.0
BAS.DE,IGNORE,38,43,DEFENSIVE,30,-5,48.57,-0.61,1.7,-11.27,59.8,0.95,1.26,RECOVERING,18,13,3,9,0,0,developing trend,SPY BEARISH 36; QQQ BEARISH 26,47.96,49.22,47.65,54.74
BLK,IGNORE,38,43,DEFENSIVE,30,-5,1037.16,-1.84,5.55,-1.86,58.2,0.72,2.12,RECOVERING,16,18,0,9,0,0,developing trend; healthy momentum,SPY BEARISH 36; QQQ BEARISH 26,1019.35,1033.56,1056.71,1202.59
ENI.MI,IGNORE,38,43,DEFENSIVE,30,-5,22.96,-0.02,13.58,-4.33,76.9,1.01,1.78,RECOVERING,26,4,7,14,0,-8,strong trend; volume support; relative strength; overextended,SPY BEARISH 36; QQQ BEARISH 26,21.25,22.09,19.56,24.89
RIO.L,IGNORE,38,43,DEFENSIVE,30,-5,6869.0,0.19,-4.17,-4.93,45.1,1.54,1.94,RECOVERING,18,8,12,5,0,0,developing trend; volume support,SPY BEARISH 36; QQQ BEARISH 26,6863.8,7358.36,6621.88,8308.0
TXN,IGNORE,38,43,DEFENSIVE,30,-5,284.99,-3.13,-5.98,5.75,45.9,1.27,3.23,MIXED,10,16,12,9,-4,0,healthy momentum; volume support,SPY BEARISH 36; QQQ BEARISH 26,296.27,301.22,223.56,332.28
VALE,IGNORE,38,43,DEFENSIVE,30,-5,14.83,-0.13,-0.07,-13.12,47.8,1.85,2.01,RECOVERING,18,8,12,5,0,0,developing trend; volume support,SPY BEARISH 36; QQQ BEARISH 26,14.63,15.44,14.7,17.82
VOO,IGNORE,38,43,DEFENSIVE,30,-5,678.61,-1.23,0.43,3.21,44.5,0.74,0.74,MIXED,16,9,0,18,0,0,developing trend; relative strength,SPY BEARISH 36; QQQ BEARISH 26,685.7,685.08,642.05,698.26
DGE.L,IGNORE,37,42,DEFENSIVE,30,-5,1562.5,1.43,-0.89,8.16,57.7,0.79,2.06,TREND,22,16,0,4,0,0,strong trend; healthy momentum,SPY BEARISH 36; QQQ BEARISH 26,1541.58,1537.29,1610.67,2121.0
ENEL.MI,IGNORE,37,42,DEFENSIVE,30,-5,9.93,1.11,-1.69,0.03,42.9,0.7,1.29,MIXED,24,4,0,14,0,0,strong trend; relative strength,SPY BEARISH 36; QQQ BEARISH 26,10.07,9.87,9.38,10.28
WES.AX,IGNORE,37,42,DEFENSIVE,30,-5,87.17,-0.09,-3.99,18.7,39.4,0.27,1.43,MIXED,24,4,0,14,0,0,strong trend; relative strength,SPY BEARISH 36; QQQ BEARISH 26,90.05,84.91,81.43,94.76
BA.L,IGNORE,36,41,DEFENSIVE,30,-5,1971.0,0.31,9.02,-1.5,43.5,0.38,2.2,RECOVERING,22,10,0,9,0,0,strong trend,SPY BEARISH 36; QQQ BEARISH 26,1898.99,1900.64,1952.32,2331.0
NESN.SW,IGNORE,36,41,DEFENSIVE,30,-5,80.67,1.74,-3.15,0.29,41.7,1.0,2.2,MIXED,16,4,7,14,0,0,developing trend; volume support; relative strength,SPY BEARISH 36; QQQ BEARISH 26,83.84,81.06,78.99,86.17
REL.L,IGNORE,36,41,DEFENSIVE,30,-5,2568.0,4.77,8.68,-3.13,65.6,0.96,1.86,RECOVERING,16,18,3,4,0,0,developing trend; healthy momentum,SPY BEARISH 36; QQQ BEARISH 26,2434.2,2449.64,2728.75,3936.0
SGE.L,IGNORE,36,41,DEFENSIVE,30,-5,858.2,4.45,4.97,-2.72,56.3,0.86,1.91,RECOVERING,16,18,3,4,0,0,developing trend; healthy momentum,SPY BEARISH 36; QQQ BEARISH 26,838.26,844.02,943.24,1263.0
WBC.AX,IGNORE,35,40,DEFENSIVE,30,-5,37.58,1.18,6.64,-2.26,72.6,0.32,1.03,TREND,22,13,0,9,0,-4,strong trend,SPY BEARISH 36; QQQ BEARISH 26,36.27,35.87,38.49,42.95
XLK,IGNORE,35,40,DEFENSIVE,30,-5,178.45,-1.01,-2.51,11.14,47.1,0.75,1.92,MIXED,10,16,0,14,0,0,healthy momentum; relative strength,SPY BEARISH 36; QQQ BEARISH 26,181.9,183.3,154.5,198.21
RMS.PA,IGNORE,34,39,DEFENSIVE,30,-5,1643.0,1.26,1.05,1.2,52.3,0.71,1.91,MIXED,14,17,0,8,0,0,developing trend; healthy momentum,SPY BEARISH 36; QQQ BEARISH 26,1643.67,1641.2,1897.03,2270.0
2330.TW,IGNORE,33,38,DEFENSIVE,30,-5,2350.0,0.0,-0.84,10.07,41.7,0.5,2.37,MIXED,16,8,0,14,0,0,developing trend; relative strength,SPY BEARISH 36; QQQ BEARISH 26,2415.75,2366.9,1877.53,2510.0
7203.T,IGNORE,33,38,DEFENSIVE,30,-5,2960.5,2.19,6.95,-3.47,54.1,0.59,1.53,RECOVERING,16,18,0,4,0,0,developing trend; healthy momentum,SPY BEARISH 36; QQQ BEARISH 26,2863.38,2865.09,3185.35,3944.0
SSE.L,IGNORE,33,38,DEFENSIVE,30,-5,2422.0,-0.74,0.04,-5.56,44.4,0.53,1.85,MIXED,24,5,0,9,0,0,strong trend,SPY BEARISH 36; QQQ BEARISH 26,2456.03,2400.83,2364.46,2757.5
SU.TO,IGNORE,33,38,DEFENSIVE,30,-5,93.48,2.48,20.54,4.88,88.6,1.12,1.64,RECOVERING,26,3,7,18,0,-16,strong trend; volume support; relative strength; overextended,SPY BEARISH 36; QQQ BEARISH 26,83.21,85.54,75.21,95.81
7974.T,IGNORE,32,37,DEFENSIVE,30,-5,7375.0,5.83,11.93,-6.56,61.4,0.89,2.35,RECOVERING,16,18,3,0,0,0,developing trend; healthy momentum,SPY BEARISH 36; QQQ BEARISH 26,7065.0,7144.34,9642.88,14655.0
ACWI,IGNORE,32,37,DEFENSIVE,30,-5,154.34,-1.18,0.07,2.54,44.3,0.4,0.76,MIXED,10,9,0,18,0,0,relative strength,SPY BEARISH 36; QQQ BEARISH 26,156.11,156.21,146.53,159.97
EWJ,IGNORE,32,37,DEFENSIVE,30,-5,91.1,-1.18,-1.63,3.9,44.1,0.87,1.33,MIXED,16,4,3,14,0,0,developing trend; relative strength,SPY BEARISH 36; QQQ BEARISH 26,92.84,92.7,87.04,96.97
VRTX,IGNORE,32,37,DEFENSIVE,30,-5,473.09,0.11,-0.44,11.05,16.3,0.69,2.11,MIXED,24,4,0,9,0,0,strong trend,SPY BEARISH 36; QQQ BEARISH 26,491.98,463.72,450.81,529.59
XLP,IGNORE,32,37,DEFENSIVE,30,-5,83.21,-1.39,-1.46,1.06,42.3,0.96,1.19,MIXED,16,4,3,14,0,0,developing trend; relative strength,SPY BEARISH 36; QQQ BEARISH 26,84.2,84.18,82.12,90.01
ASHR,IGNORE,31,36,DEFENSIVE,30,-5,34.78,-0.54,-3.01,0.17,47.6,0.42,2.01,MIXED,10,12,0,14,0,0,relative strength,SPY BEARISH 36; QQQ BEARISH 26,35.3,35.56,33.94,37.3
AVGO,IGNORE,31,36,DEFENSIVE,30,-5,392.47,-1.09,2.72,-6.15,62.5,0.72,2.73,RECOVERING,18,13,0,9,-4,0,developing trend,SPY BEARISH 36; QQQ BEARISH 26,381.25,400.09,364.7,481.57
TUR,IGNORE,31,36,DEFENSIVE,30,-5,39.44,-0.83,-0.3,-8.43,51.0,0.32,0.94,RECOVERING,18,8,0,10,0,0,developing trend; relative strength,SPY BEARISH 36; QQQ BEARISH 26,39.09,39.44,38.07,43.74
CNQ.TO,IGNORE,30,35,DEFENSIVE,30,-5,66.2,2.72,18.09,4.35,82.0,0.47,1.62,RECOVERING,26,3,0,18,0,-12,strong trend; relative strength; overextended,SPY BEARISH 36; QQQ BEARISH 26,59.4,61.75,55.41,69.5
CSCO,IGNORE,30,35,DEFENSIVE,30,-5,112.76,0.49,-5.82,27.76,50.1,0.64,2.43,MIXED,10,16,0,9,0,0,healthy momentum,SPY BEARISH 36; QQQ BEARISH 26,114.72,117.33,88.15,130.0
TTE.PA,IGNORE,30,35,DEFENSIVE,30,-5,75.9,-0.37,11.03,-4.28,80.2,0.93,1.59,RECOVERING,26,4,3,14,0,-12,strong trend; relative strength; overextended,SPY BEARISH 36; QQQ BEARISH 26,70.05,73.21,66.05,81.02
0388.HK,IGNORE,29,34,DEFENSIVE,30,-5,401.2,0.55,10.77,-1.57,74.9,0.2,1.01,RECOVERING,16,13,0,9,0,-4,developing trend,SPY BEARISH 36; QQQ BEARISH 26,386.61,390.58,410.58,462.8
1299.HK,IGNORE,29,34,DEFENSIVE,30,-5,78.15,0.06,10.38,-6.01,74.7,0.22,1.39,RECOVERING,16,13,0,9,0,-4,developing trend,SPY BEARISH 36; QQQ BEARISH 26,74.69,77.07,80.76,90.95
6367.T,IGNORE,29,34,DEFENSIVE,30,-5,24015.0,0.57,-0.15,11.83,9.3,0.42,1.16,MIXED,16,4,0,14,0,0,developing trend; relative strength,SPY BEARISH 36; QQQ BEARISH 26,24881.75,24107.6,20839.58,26150.0
BRK-B,IGNORE,29,34,DEFENSIVE,30,-5,490.85,0.3,-0.8,3.82,27.5,0.65,0.97,MIXED,20,0,0,14,0,0,developing trend; relative strength,SPY BEARISH 36; QQQ BEARISH 26,495.32,488.8,490.12,513.81
FXB,IGNORE,29,34,DEFENSIVE,30,-5,128.14,-0.36,1.23,-1.6,49.5,1.07,0.38,WEAK,0,13,7,14,0,0,volume support; relative strength,SPY BEARISH 36; QQQ BEARISH 26,128.42,128.6,128.82,133.09
SAP.DE,IGNORE,29,34,DEFENSIVE,30,-5,140.2,9.26,3.74,-3.64,50.2,1.64,3.05,RECOVERING,8,18,12,0,-4,0,healthy momentum; volume support,SPY BEARISH 36; QQQ BEARISH 26,137.77,143.99,175.68,254.75
SOXX,IGNORE,27,32,DEFENSIVE,30,-5,551.24,-0.77,-8.36,21.04,46.3,0.68,3.9,MIXED,16,11,0,9,-4,0,developing trend,SPY BEARISH 36; QQQ BEARISH 26,570.36,569.0,396.36,655.01
SMH,IGNORE,26,31,DEFENSIVE,30,-5,580.17,-1.15,-6.26,14.6,46.7,0.72,3.19,MIXED,10,16,0,9,-4,0,healthy momentum,SPY BEARISH 36; QQQ BEARISH 26,597.94,598.88,444.6,668.91
USO,IGNORE,26,31,DEFENSIVE,30,-5,139.49,5.93,31.24,3.54,88.0,1.92,3.0,RECOVERING,26,3,12,18,-4,-24,strong trend; volume support; relative strength; overextended,SPY BEARISH 36; QQQ BEARISH 26,115.34,125.54,98.53,152.96
9618.HK,IGNORE,25,30,DEFENSIVE,30,-5,119.7,1.35,24.69,3.82,79.8,0.19,1.68,RECOVERING,22,3,0,13,0,-8,strong trend; relative strength; overextended,SPY BEARISH 36; QQQ BEARISH 26,111.72,113.4,115.58,142.8
EWL,IGNORE,25,30,DEFENSIVE,30,-5,61.87,-0.8,-0.51,1.33,30.0,0.7,0.95,MIXED,16,0,0,14,0,0,developing trend; relative strength,SPY BEARISH 36; QQQ BEARISH 26,62.86,62.29,60.29,65.08
MBG.DE,IGNORE,25,30,DEFENSIVE,30,-5,44.78,1.03,3.32,-9.7,45.8,0.79,1.52,RECOVERING,8,18,0,4,0,0,healthy momentum,SPY BEARISH 36; QQQ BEARISH 26,44.76,47.01,53.78,61.93
MCHI,IGNORE,25,30,DEFENSIVE,30,-5,53.35,-0.41,3.73,-6.6,65.1,0.45,1.26,RECOVERING,8,18,0,4,0,0,healthy momentum,SPY BEARISH 36; QQQ BEARISH 26,52.52,54.14,59.04,66.99
PBR,IGNORE,25,30,DEFENSIVE,30,-5,19.0,0.58,15.5,-9.35,84.3,0.9,1.62,RECOVERING,26,4,3,9,0,-12,strong trend; overextended,SPY BEARISH 36; QQQ BEARISH 26,17.28,18.05,16.06,22.03
1211.HK,IGNORE,24,29,DEFENSIVE,30,-5,89.05,0.45,22.57,-14.13,62.2,0.22,3.01,RECOVERING,16,13,0,4,-4,0,developing trend,SPY BEARISH 36; QQQ BEARISH 26,84.96,86.56,96.96,128.3
9983.T,IGNORE,24,29,DEFENSIVE,30,-5,77560.0,1.76,-7.74,7.92,24.0,0.58,1.83,MIXED,16,4,0,9,0,0,developing trend,SPY BEARISH 36; QQQ BEARISH 26,81687.5,80164.2,65999.15,87900.0
ACN,IGNORE,24,29,DEFENSIVE,30,-5,138.74,-0.96,7.43,-21.6,51.7,1.04,2.95,RECOVERING,8,18,7,0,-4,0,healthy momentum; volume support,SPY BEARISH 36; QQQ BEARISH 26,136.29,155.34,213.62,288.54
EWH,IGNORE,24,29,DEFENSIVE,30,-5,22.44,-0.44,6.1,-3.81,80.1,0.96,0.86,RECOVERING,16,4,3,14,0,-8,developing trend; relative strength; overextended,SPY BEARISH 36; QQQ BEARISH 26,21.54,22.23,22.53,24.55
EWT,IGNORE,24,29,DEFENSIVE,30,-5,99.84,-1.81,-4.66,14.3,41.9,0.55,2.55,MIXED,16,8,0,9,-4,0,developing trend,SPY BEARISH 36; QQQ BEARISH 26,102.94,101.69,78.26,111.53
IHG.L,IGNORE,24,29,DEFENSIVE,30,-5,156.6,2.12,-8.71,10.17,35.8,0.62,1.45,MIXED,16,-1,0,14,0,0,developing trend; weak momentum; relative strength,SPY BEARISH 36; QQQ BEARISH 26,162.45,161.79,142.27,172.75
DTE.DE,IGNORE,23,28,DEFENSIVE,30,-5,26.39,1.0,0.53,-4.28,59.3,0.94,2.36,RECOVERING,8,13,3,4,0,0,mixed setup,SPY BEARISH 36; QQQ BEARISH 26,25.93,27.18,28.65,34.09
MU,IGNORE,23,28,DEFENSIVE,30,-5,990.21,3.2,-5.56,88.77,51.4,0.82,6.43,MIXED,24,4,3,9,-12,0,strong trend; volatility risk,SPY BEARISH 36; QQQ BEARISH 26,990.43,952.3,498.41,1213.56
RACE.MI,IGNORE,23,28,DEFENSIVE,30,-5,318.15,0.86,-1.24,8.45,32.2,0.66,1.56,MIXED,20,4,0,4,0,0,developing trend,SPY BEARISH 36; QQQ BEARISH 26,328.24,312.85,313.44,440.9
SPGI,IGNORE,23,28,DEFENSIVE,30,-5,420.0,-2.11,10.34,1.54,39.3,0.73,2.82,MIXED,14,10,0,8,-4,0,developing trend,SPY BEARISH 36; QQQ BEARISH 26,426.48,406.84,435.8,533.73
VEA,IGNORE,23,28,DEFENSIVE,30,-5,69.78,-1.01,-0.71,2.51,44.4,0.79,1.05,MIXED,10,4,0,14,0,0,relative strength,SPY BEARISH 36; QQQ BEARISH 26,70.53,70.75,66.05,72.39
3690.HK,IGNORE,22,27,DEFENSIVE,30,-5,90.5,4.38,40.86,12.7,69.0,0.7,2.94,TREND,28,11,0,8,-4,-16,strong trend; overextended,SPY BEARISH 36; QQQ BEARISH 26,80.05,78.3,89.43,129.4
LIN,IGNORE,20,25,DEFENSIVE,30,-5,506.32,-0.46,-1.82,-0.87,20.9,0.85,1.4,MIXED,16,-4,3,10,0,0,developing trend; weak momentum; relative strength,SPY BEARISH 36; QQQ BEARISH 26,522.03,514.96,472.82,546.64
AMAT,IGNORE,19,24,DEFENSIVE,30,-5,562.8,1.6,-4.44,39.01,42.6,0.51,6.14,MIXED,24,8,0,4,-12,0,strong trend; volatility risk,SPY BEARISH 36; QQQ BEARISH 26,596.17,535.38,365.1,723.0
EWK,IGNORE,19,24,DEFENSIVE,30,-5,26.57,-0.41,-0.26,4.16,34.7,0.3,0.85,MIXED,10,0,0,14,0,0,relative strength,SPY BEARISH 36; QQQ BEARISH 26,26.62,26.72,25.38,27.68
META,IGNORE,19,24,DEFENSIVE,30,-5,606.1,-3.36,8.68,-10.69,55.2,0.79,3.51,WEAK,6,18,0,4,-4,0,healthy momentum,SPY BEARISH 36; QQQ BEARISH 26,618.35,606.23,638.67,790.0
ANTO.L,IGNORE,18,23,DEFENSIVE,30,-5,3631.0,0.28,-5.07,5.61,41.4,0.59,3.25,MIXED,10,8,0,9,-4,0,mixed setup,SPY BEARISH 36; QQQ BEARISH 26,3718.9,3882.0,3493.8,4455.0
CPG.L,IGNORE,18,23,DEFENSIVE,30,-5,30.29,-0.56,-7.48,6.32,36.8,0.77,1.63,MIXED,10,4,0,9,0,0,mixed setup,SPY BEARISH 36; QQQ BEARISH 26,31.77,32.1,26.32,34.18
EIS,IGNORE,18,23,DEFENSIVE,30,-5,119.29,-0.33,-0.92,-6.08,47.1,0.38,1.39,MIXED,10,8,0,5,0,0,mixed setup,SPY BEARISH 36; QQQ BEARISH 26,119.99,125.5,117.74,137.69
EWD,IGNORE,18,23,DEFENSIVE,30,-5,49.7,-1.15,1.8,-4.46,43.5,0.54,0.99,WEAK,4,5,0,14,0,0,relative strength,SPY BEARISH 36; QQQ BEARISH 26,50.0,50.7,50.29,54.72
FRDM,IGNORE,18,23,DEFENSIVE,30,-5,66.34,-1.19,-7.49,5.47,44.4,0.44,2.54,MIXED,10,8,0,9,-4,0,mixed setup,SPY BEARISH 36; QQQ BEARISH 26,68.63,69.76,58.21,76.19
XLB,IGNORE,18,23,DEFENSIVE,30,-5,50.29,-1.04,-1.7,-2.88,34.8,1.01,1.13,MIXED,10,-4,7,10,0,0,weak momentum; volume support; relative strength,SPY BEARISH 36; QQQ BEARISH 26,50.86,51.0,48.73,53.62
ADI,IGNORE,17,22,DEFENSIVE,30,-5,380.2,-1.69,-7.98,-3.16,51.6,0.85,2.56,MIXED,10,8,3,5,-4,0,mixed setup,SPY BEARISH 36; QQQ BEARISH 26,387.51,404.23,327.31,445.48
INTU,IGNORE,17,22,DEFENSIVE,30,-5,281.53,-1.03,7.36,-27.8,53.7,0.53,2.77,RECOVERING,8,18,0,0,-4,0,healthy momentum,SPY BEARISH 36; QQQ BEARISH 26,277.69,301.1,477.24,807.39
MC.PA,IGNORE,17,22,DEFENSIVE,30,-5,461.7,1.8,-6.87,2.28,37.0,1.36,1.88,WEAK,6,0,12,4,0,0,volume support,SPY BEARISH 36; QQQ BEARISH 26,486.46,485.48,538.62,652.1
GLD,IGNORE,16,21,DEFENSIVE,30,-5,371.52,-2.0,1.53,-13.58,44.7,1.49,1.37,WEAK,0,5,12,4,0,0,volume support,SPY BEARISH 36; QQQ BEARISH 26,372.8,391.33,411.76,495.9
QCOM,IGNORE,16,21,DEFENSIVE,30,-5,171.11,-2.57,-13.32,13.88,45.3,0.66,3.04,MIXED,10,11,0,4,-4,0,mixed setup,SPY BEARISH 36; QQQ BEARISH 26,181.76,203.9,169.15,251.02
CAT,IGNORE,15,20,DEFENSIVE,30,-5,894.54,0.59,-10.05,7.93,32.5,0.75,3.22,MIXED,16,-1,0,9,-4,0,developing trend; weak momentum,SPY BEARISH 36; QQQ BEARISH 26,946.56,926.83,727.97,1064.9
EWY,IGNORE,15,20,DEFENSIVE,30,-5,173.86,2.01,-11.86,10.93,46.0,0.81,4.17,MIXED,10,11,3,4,-8,0,volatility risk,SPY BEARISH 36; QQQ BEARISH 26,180.6,189.53,134.94,219.2
VWO,IGNORE,15,20,DEFENSIVE,30,-5,58.1,-1.21,-1.48,-1.07,44.4,0.67,1.09,MIXED,10,0,0,10,0,0,relative strength,SPY BEARISH 36; QQQ BEARISH 26,58.99,59.3,56.59,61.24
6861.T,IGNORE,14,19,DEFENSIVE,30,-5,73630.0,2.52,-4.5,0.61,32.4,0.7,2.27,MIXED,10,0,0,9,0,0,mixed setup,SPY BEARISH 36; QQQ BEARISH 26,76168.5,76443.6,63869.3,84170.0
EWG,IGNORE,14,19,DEFENSIVE,30,-5,40.59,-1.74,0.1,-3.63,30.2,0.77,1.12,WEAK,4,1,0,14,0,0,relative strength,SPY BEARISH 36; QQQ BEARISH 26,41.36,41.94,41.89,44.56
FXE,IGNORE,14,19,DEFENSIVE,30,-5,105.03,-0.28,0.25,-2.82,42.1,0.3,0.26,WEAK,0,5,0,14,0,0,relative strength,SPY BEARISH 36; QQQ BEARISH 26,105.34,106.27,107.38,111.09
GSK.L,IGNORE,14,19,DEFENSIVE,30,-5,1919.5,0.73,-3.2,0.08,38.3,0.68,1.51,WEAK,10,0,0,9,0,0,mixed setup,SPY BEARISH 36; QQQ BEARISH 26,1948.47,1931.38,1921.56,2268.0
INDA,IGNORE,14,19,DEFENSIVE,30,-5,47.63,-1.22,-4.03,-3.54,29.8,2.14,0.73,WEAK,6,-4,12,5,0,0,weak momentum; volume support,SPY BEARISH 36; QQQ BEARISH 26,48.98,48.56,51.1,55.29
PG,IGNORE,14,19,DEFENSIVE,30,-5,146.97,-1.45,-3.33,-0.96,41.9,0.73,1.55,MIXED,14,0,0,5,0,0,developing trend,SPY BEARISH 36; QQQ BEARISH 26,148.66,146.83,148.16,167.2
COIN,IGNORE,13,18,DEFENSIVE,30,-5,161.16,-2.99,7.36,-18.06,46.9,0.76,4.31,RECOVERING,8,18,0,0,-8,0,healthy momentum; volatility risk,SPY BEARISH 36; QQQ BEARISH 26,159.53,169.07,218.87,391.66
HYG,IGNORE,13,18,DEFENSIVE,30,-5,79.23,-0.36,-0.78,-1.59,35.2,1.74,0.19,WEAK,0,-4,12,10,0,0,weak momentum; volume support; relative strength,SPY BEARISH 36; QQQ BEARISH 26,79.71,79.79,80.28,81.32
LQD,IGNORE,13,18,DEFENSIVE,30,-5,106.26,-0.38,-2.88,-2.77,19.3,1.23,0.3,WEAK,0,-4,12,10,0,0,weak momentum; volume support; relative strength,SPY BEARISH 36; QQQ BEARISH 26,107.9,108.33,109.91,112.92
TIP,IGNORE,13,18,DEFENSIVE,30,-5,107.49,-0.26,-1.67,-3.83,31.2,1.26,0.32,WEAK,0,-4,12,10,0,0,weak momentum; volume support; relative strength,SPY BEARISH 36; QQQ BEARISH 26,108.37,109.36,110.5,112.2
TLT,IGNORE,13,18,DEFENSIVE,30,-5,83.17,-0.32,-4.82,-3.6,18.9,1.33,0.45,WEAK,0,-4,12,10,0,0,weak momentum; volume support; relative strength,SPY BEARISH 36; QQQ BEARISH 26,84.91,85.12,87.45,92.06
0700.HK,IGNORE,11,16,DEFENSIVE,30,-5,443.6,2.07,7.72,-6.37,44.8,0.22,3.0,WEAK,6,10,0,4,-4,0,mixed setup,SPY BEARISH 36; QQQ BEARISH 26,454.12,449.08,543.88,677.5
2318.HK,IGNORE,11,16,DEFENSIVE,30,-5,56.95,0.09,12.66,-5.16,83.5,0.23,1.29,RECOVERING,16,4,0,4,0,-8,developing trend; overextended,SPY BEARISH 36; QQQ BEARISH 26,54.13,56.36,61.08,73.45
ABX.TO,IGNORE,11,16,DEFENSIVE,30,-5,52.31,-0.89,0.87,-2.33,39.3,0.92,2.45,RECOVERING,8,1,3,4,0,0,mixed setup,SPY BEARISH 36; QQQ BEARISH 26,51.82,54.86,57.21,71.86
IGV,IGNORE,11,16,DEFENSIVE,30,-5,87.1,-2.16,1.08,1.95,28.6,0.95,1.78,WEAK,0,5,3,8,0,0,mixed setup,SPY BEARISH 36; QQQ BEARISH 26,91.79,92.77,95.42,117.79
SU.PA,IGNORE,11,16,DEFENSIVE,30,-5,268.05,1.0,-2.9,-0.2,39.7,0.67,1.72,MIXED,10,-4,0,10,0,0,weak momentum; relative strength,SPY BEARISH 36; QQQ BEARISH 26,271.02,272.59,253.76,292.75
8035.T,IGNORE,10,15,DEFENSIVE,30,-5,62420.0,-0.38,-14.4,32.53,33.6,0.47,3.79,MIXED,16,-1,0,4,-4,0,developing trend; weak momentum,SPY BEARISH 36; QQQ BEARISH 26,70307.5,64874.2,44634.7,78800.0
CSL.AX,IGNORE,10,15,DEFENSIVE,30,-5,116.46,1.96,0.93,-6.71,32.5,0.26,1.72,MIXED,14,1,0,0,0,0,developing trend,SPY BEARISH 36; QQQ BEARISH 26,120.66,110.25,149.73,271.32
PYPL,IGNORE,10,15,DEFENSIVE,30,-5,56.0,0.88,31.83,12.52,80.9,0.69,4.16,TREND,28,7,0,8,-8,-20,strong trend; volatility risk; overextended,SPY BEARISH 36; QQQ BEARISH 26,48.93,45.54,52.6,78.22
RIO.AX,IGNORE,10,15,DEFENSIVE,30,-5,163.05,1.91,-6.35,-5.19,43.0,0.29,1.75,MIXED,10,0,0,5,0,0,mixed setup,SPY BEARISH 36; QQQ BEARISH 26,164.73,175.39,157.52,194.47
MSFT,IGNORE,9,14,DEFENSIVE,30,-5,381.58,-2.24,4.41,-10.18,44.3,0.71,2.22,WEAK,0,10,0,4,0,0,mixed setup,SPY BEARISH 36; QQQ BEARISH 26,385.45,399.7,436.85,542.07
UBER,IGNORE,9,14,DEFENSIVE,30,-5,68.91,-2.02,-6.69,-9.65,31.8,1.28,2.31,WEAK,6,-4,12,0,0,0,weak momentum; volume support,SPY BEARISH 36; QQQ BEARISH 26,73.05,72.48,79.4,100.1
2454.TW,IGNORE,8,13,DEFENSIVE,30,-5,3610.0,-3.73,-7.67,38.31,37.3,0.89,4.34,MIXED,10,4,3,4,-8,0,volatility risk,SPY BEARISH 36; QQQ BEARISH 26,3875.5,4063.2,2273.53,4640.0
ARKK,IGNORE,8,13,DEFENSIVE,30,-5,73.83,-2.89,-3.77,-3.55,33.9,1.11,2.21,WEAK,10,-4,7,0,0,0,weak momentum; volume support,SPY BEARISH 36; QQQ BEARISH 26,78.88,78.01,77.83,92.53
ECH,IGNORE,8,13,DEFENSIVE,30,-5,38.62,-2.33,-1.86,-9.34,46.2,0.43,1.26,WEAK,0,8,0,5,0,0,mixed setup,SPY BEARISH 36; QQQ BEARISH 26,39.46,40.04,40.05,47.37
XLC,IGNORE,8,13,DEFENSIVE,30,-5,105.38,-3.5,-1.09,-9.01,36.5,1.8,1.35,WEAK,0,-4,12,5,0,0,weak momentum; volume support,SPY BEARISH 36; QQQ BEARISH 26,109.7,111.84,114.55,120.08
XLY,IGNORE,8,13,DEFENSIVE,30,-5,108.76,-4.61,-5.48,-7.71,26.0,1.47,1.48,WEAK,0,-4,12,5,0,0,weak momentum; volume support,SPY BEARISH 36; QQQ BEARISH 26,115.81,116.7,117.25,124.52
9988.HK,IGNORE,7,12,DEFENSIVE,30,-5,111.1,1.0,24.13,-12.17,68.9,0.31,3.42,RECOVERING,8,8,0,0,-4,0,mixed setup,SPY BEARISH 36; QQQ BEARISH 26,106.98,113.23,140.04,185.1
AMZN,IGNORE,7,12,DEFENSIVE,30,-5,233.66,-4.57,-0.26,-10.52,40.5,0.87,1.95,WEAK,4,0,3,5,0,0,mixed setup,SPY BEARISH 36; QQQ BEARISH 26,243.58,249.9,234.53,274.99
GDX,IGNORE,7,12,DEFENSIVE,30,-5,75.02,-2.16,0.58,-18.98,42.7,0.84,2.59,RECOVERING,8,5,3,0,-4,0,mixed setup,SPY BEARISH 36; QQQ BEARISH 26,74.91,80.75,87.53,115.84
BCE.TO,IGNORE,6,11,DEFENSIVE,30,-5,29.91,-0.96,-9.58,-6.88,46.3,0.9,1.55,WEAK,0,3,3,5,0,0,mixed setup,SPY BEARISH 36; QQQ BEARISH 26,30.64,32.47,33.24,36.12
KLAC,IGNORE,6,11,DEFENSIVE,30,-5,218.73,1.88,-9.04,15.12,40.8,0.64,6.13,MIXED,16,3,0,4,-12,0,developing trend; volatility risk,SPY BEARISH 36; QQQ BEARISH 26,234.45,220.19,160.02,301.71
LRCX,IGNORE,6,11,DEFENSIVE,30,-5,319.78,0.15,-14.68,23.24,39.4,0.65,5.55,MIXED,16,-1,0,4,-8,0,developing trend; weak momentum; volatility risk,SPY BEARISH 36; QQQ BEARISH 26,349.72,338.13,236.74,433.33
SIFY,IGNORE,6,11,DEFENSIVE,30,-5,14.17,-2.95,-4.51,-4.64,40.0,0.54,3.6,MIXED,10,0,0,5,-4,0,mixed setup,SPY BEARISH 36; QQQ BEARISH 26,15.11,15.69,14.05,17.35
BKNG,IGNORE,5,10,DEFENSIVE,30,-5,172.83,-2.83,-4.65,-2.64,35.8,0.7,2.11,MIXED,14,-4,0,0,0,0,developing trend; weak momentum,SPY BEARISH 36; QQQ BEARISH 26,179.34,170.58,185.96,228.83
EWQ,IGNORE,5,10,DEFENSIVE,30,-5,44.69,-1.82,-0.33,-1.13,36.6,0.55,0.98,WEAK,4,-4,0,10,0,0,weak momentum; relative strength,SPY BEARISH 36; QQQ BEARISH 26,45.19,45.39,45.07,48.35
4063.T,IGNORE,4,9,DEFENSIVE,30,-5,6155.0,-8.16,-9.95,-11.43,28.2,1.42,3.52,MIXED,10,-9,12,0,-4,0,weak momentum; volume support,SPY BEARISH 36; QQQ BEARISH 26,7107.0,7180.48,5966.16,7806.0
7741.T,IGNORE,4,9,DEFENSIVE,30,-5,24765.0,0.83,-3.17,-14.43,42.6,0.28,2.03,WEAK,4,0,0,5,0,0,mixed setup,SPY BEARISH 36; QQQ BEARISH 26,25268.5,26061.3,25801.67,30030.0
HD,IGNORE,4,9,DEFENSIVE,30,-5,324.71,-2.03,-5.29,-2.28,26.0,1.09,1.51,WEAK,6,-4,7,0,0,0,weak momentum; volume support,SPY BEARISH 36; QQQ BEARISH 26,342.21,326.97,350.5,423.42
IEF,IGNORE,4,9,DEFENSIVE,30,-5,92.85,-0.27,-1.98,-2.61,28.9,0.9,0.27,WEAK,0,-4,3,10,0,0,weak momentum; relative strength,SPY BEARISH 36; QQQ BEARISH 26,93.87,93.98,95.68,97.99
IFX.DE,IGNORE,4,9,DEFENSIVE,30,-5,64.41,-1.65,-17.74,12.74,31.2,0.56,3.78,MIXED,10,-1,0,4,-4,0,weak momentum,SPY BEARISH 36; QQQ BEARISH 26,71.24,75.39,49.67,88.0
SHY,IGNORE,4,9,DEFENSIVE,30,-5,81.77,-0.07,-0.37,-0.94,39.5,0.97,0.11,WEAK,0,-4,3,10,0,0,weak momentum; relative strength,SPY BEARISH 36; QQQ BEARISH 26,81.95,82.02,82.57,83.18
CRM,IGNORE,3,8,DEFENSIVE,30,-5,156.93,-3.72,2.73,-12.9,41.1,1.01,2.79,WEAK,0,5,7,0,-4,0,volume support,SPY BEARISH 36; QQQ BEARISH 26,164.65,170.33,207.0,270.25
GDXJ,IGNORE,3,8,DEFENSIVE,30,-5,97.6,-2.94,1.58,-19.66,43.0,1.1,3.1,WEAK,0,5,7,0,-4,0,volume support,SPY BEARISH 36; QQQ BEARISH 26,97.74,105.67,115.16,156.19
GOOG,IGNORE,3,8,DEFENSIVE,30,-5,318.34,-6.89,-7.74,-8.66,32.0,2.02,2.66,WEAK,4,-4,12,0,-4,0,weak momentum; volume support,SPY BEARISH 36; QQQ BEARISH 26,351.5,363.64,322.83,399.04
GOOGL,IGNORE,3,8,DEFENSIVE,30,-5,317.69,-7.13,-7.99,-9.32,29.6,2.02,2.61,WEAK,4,-4,12,0,-4,0,weak momentum; volume support,SPY BEARISH 36; QQQ BEARISH 26,353.39,366.06,323.56,402.62
NOW,IGNORE,3,8,DEFENSIVE,30,-5,91.94,-3.69,-1.98,1.65,29.7,2.21,3.92,WEAK,0,0,12,0,-4,0,volume support,SPY BEARISH 36; QQQ BEARISH 26,103.22,103.92,127.12,198.64
SLV,IGNORE,3,8,DEFENSIVE,30,-5,52.06,-3.45,0.54,-23.81,41.2,0.88,2.35,WEAK,0,5,3,0,0,0,mixed setup,SPY BEARISH 36; QQQ BEARISH 26,53.03,60.49,63.35,105.6
6954.T,IGNORE,2,7,DEFENSIVE,30,-5,6793.0,2.55,-3.32,-6.38,38.2,0.68,3.24,MIXED,10,-4,0,5,-4,0,weak momentum,SPY BEARISH 36; QQQ BEARISH 26,7009.5,7363.34,6266.9,8428.0
WMT,IGNORE,2,7,DEFENSIVE,30,-5,108.4,-0.85,-8.91,-15.04,40.6,0.95,1.62,WEAK,4,-5,3,5,0,0,weak momentum,SPY BEARISH 36; QQQ BEARISH 26,112.6,118.08,117.72,134.2
ADBE,IGNORE,1,6,DEFENSIVE,30,-5,212.17,-2.83,7.94,-11.34,44.3,0.75,2.76,WEAK,0,10,0,0,-4,0,mixed setup,SPY BEARISH 36; QQQ BEARISH 26,219.3,228.3,279.44,370.74
KER.PA,IGNORE,1,6,DEFENSIVE,30,-5,242.3,1.47,-9.27,4.15,44.3,1.04,2.68,WEAK,0,-1,7,4,-4,0,weak momentum; volume support,SPY BEARISH 36; QQQ BEARISH 26,249.36,252.99,273.52,344.95
PLTR,IGNORE,1,6,DEFENSIVE,30,-5,123.37,-0.96,8.7,-13.79,41.8,0.72,3.32,WEAK,0,10,0,0,-4,0,mixed setup,SPY BEARISH 36; QQQ BEARISH 26,127.12,131.88,154.58,207.18
SHOP,IGNORE,1,6,DEFENSIVE,30,-5,112.0,-5.42,-1.9,-9.84,38.1,1.39,2.82,WEAK,6,-4,12,-4,-4,0,weak momentum; volume support,SPY BEARISH 36; QQQ BEARISH 26,120.27,113.2,134.26,179.01
SHOP.TO,IGNORE,1,6,DEFENSIVE,30,-5,157.86,-5.41,-2.91,-5.57,34.9,1.4,2.63,WEAK,6,-4,12,-4,-4,0,weak momentum; volume support,SPY BEARISH 36; QQQ BEARISH 26,170.0,158.91,185.75,249.71
000660.KS,IGNORE,0,0,DEFENSIVE,30,-5,1772000.0,0.74,-33.71,37.15,32.3,0.45,7.18,MIXED,10,-1,0,0,-12,0,weak momentum; volatility risk,SPY BEARISH 36; QQQ BEARISH 26,2099900.0,2195120.0,1152220.0,2919000.0
005380.KS,IGNORE,0,0,DEFENSIVE,30,-5,399500.0,-0.37,-16.86,-23.76,25.8,0.42,3.42,WEAK,4,-9,0,-4,-4,0,weak momentum,SPY BEARISH 36; QQQ BEARISH 26,448825.0,560100.0,443170.0,750000.0
005930.KS,IGNORE,0,5,DEFENSIVE,30,-5,251250.0,0.7,-25.99,11.92,32.2,0.52,5.87,MIXED,10,-1,0,4,-8,0,weak momentum; volatility risk,SPY BEARISH 36; QQQ BEARISH 26,280387.5,303955.0,190346.25,362500.0
051910.KS,IGNORE,0,0,DEFENSIVE,30,-5,260500.0,0.58,-3.87,-31.36,42.4,0.43,4.83,WEAK,0,0,0,-4,-8,0,volatility risk,SPY BEARISH 36; QQQ BEARISH 26,266525.0,310740.0,340210.0,429500.0
1810.HK,IGNORE,0,0,DEFENSIVE,30,-5,28.76,7.63,34.27,-3.88,76.2,0.74,3.36,RECOVERING,16,-1,0,0,-4,-16,developing trend; weak momentum; overextended,SPY BEARISH 36; QQQ BEARISH 26,25.41,26.55,35.29,59.45
2308.TW,IGNORE,0,0,DEFENSIVE,30,-5,1710.0,-4.2,-10.24,-21.02,36.2,0.87,3.78,MIXED,10,-9,3,0,-4,0,weak momentum,SPY BEARISH 36; QQQ BEARISH 26,1879.5,2068.7,1470.3,2520.0
373220.KS,IGNORE,0,0,DEFENSIVE,30,-5,331500.0,0.61,0.0,-28.56,42.1,0.25,6.41,WEAK,0,0,0,-4,-12,0,volatility risk,SPY BEARISH 36; QQQ BEARISH 26,337625.0,376460.0,405850.0,514000.0
4519.T,IGNORE,0,4,DEFENSIVE,30,-5,6853.0,-7.59,-7.82,-7.95,31.9,1.67,2.53,WEAK,0,-4,12,0,-4,0,weak momentum; volume support,SPY BEARISH 36; QQQ BEARISH 26,7352.7,7523.24,8142.72,10455.0
6981.T,IGNORE,0,2,DEFENSIVE,30,-5,8038.0,-3.28,-25.37,63.51,30.8,0.49,5.5,MIXED,16,-10,0,4,-8,0,developing trend; weak momentum; volatility risk,SPY BEARISH 36; QQQ BEARISH 26,9415.35,9396.24,5044.15,12250.0
9984.T,IGNORE,0,0,DEFENSIVE,30,-5,5247.0,-4.6,-15.72,-10.22,39.4,0.71,4.75,MIXED,10,-9,0,-4,-8,0,weak momentum; volatility risk,SPY BEARISH 36; QQQ BEARISH 26,5933.15,6539.84,5114.74,8632.0
ADYEN.AS,IGNORE,0,0,DEFENSIVE,30,-5,801.0,0.7,-2.9,-16.43,33.2,0.78,2.11,WEAK,0,-4,0,-4,0,0,weak momentum,SPY BEARISH 36; QQQ BEARISH 26,837.16,866.1,1103.36,1528.6
AZN.L,IGNORE,0,0,DEFENSIVE,30,-5,12670.0,-0.14,-11.51,-7.46,27.2,0.73,2.33,WEAK,0,-9,0,5,0,0,weak momentum,SPY BEARISH 36; QQQ BEARISH 26,13291.6,13503.24,13814.72,15542.0
BMW.DE,IGNORE,0,0,DEFENSIVE,30,-5,56.96,0.07,-3.56,-26.9,31.0,0.76,1.62,WEAK,0,-4,0,-4,0,0,weak momentum,SPY BEARISH 36; QQQ BEARISH 26,58.4,64.73,80.07,97.42
CDNS,IGNORE,0,4,DEFENSIVE,30,-5,330.46,-1.94,-11.26,-1.81,30.1,1.0,2.76,MIXED,10,-9,7,0,-4,0,weak momentum; volume support,SPY BEARISH 36; QQQ BEARISH 26,364.92,372.96,327.83,416.39
COST,IGNORE,0,5,DEFENSIVE,30,-5,926.06,-0.13,-3.64,-7.21,39.5,0.67,1.58,WEAK,4,-4,0,5,0,0,weak momentum,SPY BEARISH 36; QQQ BEARISH 26,935.15,971.48,956.96,1094.32
CSU.TO,IGNORE,0,2,DEFENSIVE,30,-5,2565.61,-1.44,-10.57,5.36,37.6,1.09,2.91,WEAK,0,-1,7,0,-4,0,weak momentum; volume support,SPY BEARISH 36; QQQ BEARISH 26,2751.05,2784.88,2904.78,4890.29
DG.PA,IGNORE,0,0,DEFENSIVE,30,-5,118.35,0.3,-9.03,-7.9,26.7,0.67,1.55,WEAK,0,-9,0,5,0,0,weak momentum,SPY BEARISH 36; QQQ BEARISH 26,121.4,124.05,124.89,142.35
DIS,IGNORE,0,3,DEFENSIVE,30,-5,92.83,-3.17,-8.2,-9.3,28.1,1.29,1.76,WEAK,0,-9,12,0,0,0,weak momentum; volume support,SPY BEARISH 36; QQQ BEARISH 26,96.9,100.04,105.12,121.47
EL.PA,IGNORE,0,0,DEFENSIVE,30,-5,163.5,0.99,-3.05,-9.79,37.1,0.7,2.11,WEAK,0,-4,0,-4,0,0,weak momentum,SPY BEARISH 36; QQQ BEARISH 26,168.6,172.19,231.93,320.7
EZA,IGNORE,0,0,DEFENSIVE,30,-5,60.43,-4.05,-2.81,-13.39,34.8,3.07,1.48,WEAK,0,-4,0,0,0,0,weak momentum,SPY BEARISH 36; QQQ BEARISH 26,63.0,65.55,68.66,81.6
FXY,IGNORE,0,1,DEFENSIVE,30,-5,56.01,-0.39,-1.22,-2.73,25.8,3.36,0.35,WEAK,0,-4,0,5,0,0,weak momentum,SPY BEARISH 36; QQQ BEARISH 26,56.51,57.07,58.4,62.82
HDB,IGNORE,0,0,DEFENSIVE,30,-5,23.13,-0.22,-9.51,-10.04,32.9,1.02,3.06,WEAK,6,-9,7,-4,-4,0,weak momentum; volume support,SPY BEARISH 36; QQQ BEARISH 26,25.64,24.8,30.3,38.92
IBM,IGNORE,0,0,DEFENSIVE,30,-5,206.65,0.43,-21.41,-9.38,20.3,1.13,6.18,WEAK,0,-9,7,-4,-12,0,weak momentum; volume support; volatility risk,SPY BEARISH 36; QQQ BEARISH 26,257.08,260.17,272.42,329.23
INFY,IGNORE,0,4,DEFENSIVE,30,-5,10.67,-2.38,-2.38,-13.11,43.5,1.64,2.85,WEAK,0,0,12,-4,-4,0,volume support,SPY BEARISH 36; QQQ BEARISH 26,11.01,11.66,14.84,20.22
ISRG,IGNORE,0,0,DEFENSIVE,30,-5,332.02,-2.54,-17.37,-29.51,22.3,1.27,4.14,WEAK,0,-9,12,-4,-8,0,weak momentum; volume support; volatility risk,SPY BEARISH 36; QQQ BEARISH 26,391.46,408.98,484.54,592.85
LOW,IGNORE,0,3,DEFENSIVE,30,-5,201.92,-1.19,-8.82,-16.75,21.3,1.37,1.69,WEAK,0,-9,12,0,0,0,weak momentum; volume support,SPY BEARISH 36; QQQ BEARISH 26,214.03,215.51,240.05,287.39
MCD,IGNORE,0,3,DEFENSIVE,30,-5,262.8,-0.29,-4.05,-9.44,27.9,1.08,1.77,WEAK,0,-4,7,0,0,0,weak momentum; volume support,SPY BEARISH 36; QQQ BEARISH 26,270.92,275.81,301.3,341.06
NFLX,IGNORE,0,0,DEFENSIVE,30,-5,68.89,0.53,-4.11,-24.6,19.8,0.87,2.71,WEAK,0,-4,3,-4,-4,0,weak momentum,SPY BEARISH 36; QQQ BEARISH 26,72.82,79.05,92.76,126.32
ORCL,IGNORE,0,0,DEFENSIVE,30,-5,120.04,-4.61,-23.8,-30.6,33.0,0.79,3.08,WEAK,0,-9,0,-4,-4,0,weak momentum,SPY BEARISH 36; QQQ BEARISH 26,136.28,172.98,188.28,328.33
PEP,IGNORE,0,0,DEFENSIVE,30,-5,134.95,-0.52,-5.15,-12.43,30.9,0.82,1.93,WEAK,0,-4,3,0,0,0,weak momentum,SPY BEARISH 36; QQQ BEARISH 26,138.67,142.62,149.85,170.49
PRX.AS,IGNORE,0,0,DEFENSIVE,30,-5,36.76,0.82,-1.92,-10.51,44.8,0.53,2.77,WEAK,0,0,0,-4,-4,0,mixed setup,SPY BEARISH 36; QQQ BEARISH 26,38.69,39.04,46.68,62.39
RDY,IGNORE,0,5,DEFENSIVE,30,-5,11.8,3.69,-19.51,-15.53,17.9,2.29,3.12,WEAK,6,-9,12,0,-4,0,weak momentum; volume support,SPY BEARISH 36; QQQ BEARISH 26,13.53,13.48,13.76,15.38
SNPS,IGNORE,0,0,DEFENSIVE,30,-5,373.52,-1.08,-19.49,-25.08,22.8,1.1,2.36,WEAK,4,-9,7,-4,0,0,weak momentum; volume support,SPY BEARISH 36; QQQ BEARISH 26,425.08,461.01,452.15,645.35
SQM,IGNORE,0,0,DEFENSIVE,30,-5,69.32,0.16,-8.28,-24.07,41.3,0.62,2.94,WEAK,4,-5,0,0,-4,0,weak momentum,SPY BEARISH 36; QQQ BEARISH 26,71.59,77.41,71.87,95.31
T.TO,IGNORE,0,0,DEFENSIVE,30,-5,14.23,-1.04,-11.17,-15.55,39.0,0.61,1.32,WEAK,0,-9,0,-4,0,0,weak momentum,SPY BEARISH 36; QQQ BEARISH 26,14.78,16.04,17.99,23.01
TSLA,IGNORE,0,0,DEFENSIVE,30,-5,319.69,-14.52,-14.87,-15.58,29.0,2.7,4.85,WEAK,0,-9,0,0,-8,0,weak momentum; volatility risk,SPY BEARISH 36; QQQ BEARISH 26,391.83,404.97,415.41,489.88
UNG,IGNORE,0,2,DEFENSIVE,30,-5,10.61,0.09,-9.55,1.14,30.7,1.1,2.18,WEAK,0,-5,7,0,0,0,weak momentum; volume support,SPY BEARISH 36; QQQ BEARISH 26,11.03,11.3,12.21,16.9
WIT,IGNORE,0,0,DEFENSIVE,30,-5,1.78,-1.66,-18.72,-13.17,32.3,1.08,4.26,WEAK,0,-9,7,-4,-8,0,weak momentum; volume support; volatility risk,SPY BEARISH 36; QQQ BEARISH 26,1.92,2.05,2.38,3.06
