ticker,signal,score,base_score,market_regime,market_score,market_adjustment,close,change_1d_pct,change_20d_pct,change_60d_pct,rsi_14,volume_ratio,volatility_20d_pct,trend,trend_score,momentum_score,volume_score,relative_strength_score,volatility_penalty,extension_penalty,reason,regime_reason,sma_20,sma_50,sma_200,high_52w,entry_price,target_price,stop_loss,risk_pct,reward_pct,risk_reward,position_quality,plan_reason
AMGN,WATCH,83,88,DEFENSIVE,30,-5,371.5,1.49,5.71,9.21,47.5,1.29,1.49,TREND,32,26,12,18,0,0,strong trend; healthy momentum; volume support; relative strength,SPY BEARISH 36; QQQ BEARISH 26,363.93,349.43,341.11,388.16,371.5,389.53,360.68,2.91,4.85,1.67,C,WATCH score 83; ATR-based plan; R/R 1.67
CP.TO,WATCH,83,88,DEFENSIVE,30,-5,130.06,1.18,7.69,9.63,66.4,1.44,1.12,TREND,32,26,12,18,0,0,strong trend; healthy momentum; volume support; relative strength,SPY BEARISH 36; QQQ BEARISH 26,127.02,124.24,111.34,131.34,130.06,134.55,127.37,2.07,3.45,1.67,C,WATCH score 83; ATR-based plan; R/R 1.67
EWS,WATCH,83,88,DEFENSIVE,30,-5,31.44,-1.78,6.04,9.89,64.9,2.14,0.95,TREND,32,26,12,18,0,0,strong trend; healthy momentum; volume support; relative strength,SPY BEARISH 36; QQQ BEARISH 26,30.92,29.97,28.71,32.09,31.44,32.24,30.96,1.53,2.55,1.67,C,WATCH score 83; ATR-based plan; R/R 1.67
PM,WATCH,83,88,DEFENSIVE,30,-5,191.12,-1.64,6.9,18.78,58.9,1.22,2.13,TREND,32,26,12,18,0,0,strong trend; healthy momentum; volume support; relative strength,SPY BEARISH 36; QQQ BEARISH 26,184.59,182.99,168.82,194.3,191.12,202.5,184.29,3.57,5.95,1.67,C,WATCH score 83; ATR-based plan; R/R 1.67
RTX,WATCH,79,84,DEFENSIVE,30,-5,209.16,7.33,13.02,20.64,64.1,2.16,2.06,TREND,28,26,12,18,0,0,strong trend; healthy momentum; volume support; relative strength,SPY BEARISH 36; QQQ BEARISH 26,194.83,185.64,186.31,212.16,209.16,219.94,201.61,3.61,5.15,1.43,C,WATCH score 79; ATR-based plan; R/R 1.43
CIB,WATCH,78,83,DEFENSIVE,30,-5,86.79,2.52,9.47,25.02,69.0,1.32,1.74,TREND,32,21,12,18,0,0,strong trend; healthy momentum; volume support; relative strength,SPY BEARISH 36; QQQ BEARISH 26,81.02,75.8,69.73,86.79,86.79,91.37,83.59,3.69,5.27,1.43,C,WATCH score 78; ATR-based plan; R/R 1.43
JPM,WATCH,78,83,DEFENSIVE,30,-5,349.9,0.49,4.93,12.28,64.7,1.04,1.28,TREND,32,26,7,18,0,0,strong trend; healthy momentum; volume support; relative strength,SPY BEARISH 36; QQQ BEARISH 26,337.99,321.39,310.46,349.9,349.9,364.99,339.33,3.02,4.31,1.43,C,WATCH score 78; ATR-based plan; R/R 1.43
MQG.AX,WATCH,78,83,DEFENSIVE,30,-5,255.04,0.51,2.28,8.49,59.6,1.61,0.8,TREND,32,21,12,18,0,0,strong trend; healthy momentum; volume support; relative strength,SPY BEARISH 36; QQQ BEARISH 26,253.37,246.52,220.65,258.41,255.04,263.99,249.57,2.14,3.51,1.64,C,WATCH score 78; ATR-based plan; R/R 1.64
NWG.L,WATCH,78,83,DEFENSIVE,30,-5,676.0,0.81,2.99,18.8,45.7,1.38,1.51,TREND,32,21,12,18,0,0,strong trend; healthy momentum; volume support; relative strength,SPY BEARISH 36; QQQ BEARISH 26,669.15,632.22,610.24,694.2,676.0,713.66,659.11,2.5,5.57,2.23,C,WATCH score 78; ATR-based plan; R/R 2.23
SLF.TO,WATCH,78,83,DEFENSIVE,30,-5,114.76,0.05,4.31,17.86,56.6,1.02,0.92,TREND,32,26,7,18,0,0,strong trend; healthy momentum; volume support; relative strength,SPY BEARISH 36; QQQ BEARISH 26,112.89,107.15,92.51,114.76,114.76,118.42,112.2,2.24,3.19,1.43,C,WATCH score 78; ATR-based plan; R/R 1.43
4502.T,WATCH,74,79,DEFENSIVE,30,-5,5648.0,2.6,11.75,5.87,66.6,0.91,1.37,TREND,32,26,3,18,0,0,strong trend; healthy momentum; relative strength,SPY BEARISH 36; QQQ BEARISH 26,5369.6,5177.46,5062.93,5890.0,5648.0,5823.66,5494.3,2.72,3.11,1.14,LOW,WATCH score 74; ATR-based plan; R/R 1.14
ALV.DE,WATCH,74,79,DEFENSIVE,30,-5,427.1,0.64,4.71,9.79,60.9,0.84,0.65,TREND,32,26,3,18,0,0,strong trend; healthy momentum; relative strength,SPY BEARISH 36; QQQ BEARISH 26,420.25,401.02,378.4,427.1,427.1,435.71,419.57,1.76,2.01,1.14,LOW,WATCH score 74; ATR-based plan; R/R 1.14
BAC,WATCH,74,79,DEFENSIVE,30,-5,61.28,-0.55,6.15,16.44,64.0,0.83,1.31,TREND,32,26,3,18,0,0,strong trend; healthy momentum; relative strength,SPY BEARISH 36; QQQ BEARISH 26,59.7,55.85,53.2,61.62,61.28,63.27,59.54,2.84,3.25,1.14,LOW,WATCH score 74; ATR-based plan; R/R 1.14
BNP.PA,WATCH,74,79,DEFENSIVE,30,-5,105.92,2.08,4.75,18.7,55.5,0.92,1.57,TREND,32,26,3,18,0,0,strong trend; healthy momentum; relative strength,SPY BEARISH 36; QQQ BEARISH 26,102.43,98.01,86.6,106.78,105.92,109.75,102.56,3.17,3.62,1.14,LOW,WATCH score 74; ATR-based plan; R/R 1.14
CNR.TO,WATCH,74,79,DEFENSIVE,30,-5,183.92,2.05,11.47,16.88,73.2,1.46,1.34,TREND,32,21,12,18,0,-4,strong trend; healthy momentum; volume support; relative strength,SPY BEARISH 36; QQQ BEARISH 26,175.49,167.59,147.2,183.92,183.92,188.8,179.65,2.32,2.65,1.14,LOW,WATCH score 74; ATR-based plan; R/R 1.14
ISP.MI,WATCH,74,79,DEFENSIVE,30,-5,6.44,2.5,8.17,11.48,59.3,0.87,1.39,TREND,32,26,3,18,0,0,strong trend; healthy momentum; relative strength,SPY BEARISH 36; QQQ BEARISH 26,6.24,5.98,5.74,6.45,6.44,6.62,6.28,2.48,2.83,1.14,LOW,WATCH score 74; ATR-based plan; R/R 1.14
JNJ,WATCH,74,79,DEFENSIVE,30,-5,259.27,1.42,7.58,15.06,46.5,0.93,1.95,TREND,32,26,3,18,0,0,strong trend; healthy momentum; relative strength,SPY BEARISH 36; QQQ BEARISH 26,255.55,241.15,224.26,267.24,259.27,269.48,251.72,2.91,3.94,1.35,C,WATCH score 74; ATR-based plan; R/R 1.35
MFC.TO,WATCH,74,79,DEFENSIVE,30,-5,60.69,0.03,7.32,14.94,66.3,0.81,0.98,TREND,32,26,3,18,0,0,strong trend; healthy momentum; relative strength,SPY BEARISH 36; QQQ BEARISH 26,59.04,56.29,51.0,60.86,60.69,62.17,59.4,2.13,2.43,1.14,LOW,WATCH score 74; ATR-based plan; R/R 1.14
MRK,WATCH,74,79,DEFENSIVE,30,-5,130.48,2.36,8.19,18.37,51.5,0.86,2.17,TREND,32,26,3,18,0,0,strong trend; healthy momentum; relative strength,SPY BEARISH 36; QQQ BEARISH 26,126.47,120.72,110.28,130.48,130.48,136.22,125.46,3.85,4.4,1.14,LOW,WATCH score 74; ATR-based plan; R/R 1.14
ZURN.SW,WATCH,74,79,DEFENSIVE,30,-5,623.0,0.81,5.77,14.56,60.3,0.92,0.74,TREND,32,26,3,18,0,0,strong trend; healthy momentum; relative strength,SPY BEARISH 36; QQQ BEARISH 26,611.93,585.11,569.14,624.4,623.0,636.1,611.54,1.84,2.1,1.14,LOW,WATCH score 74; ATR-based plan; R/R 1.14
HON,WATCH,73,78,DEFENSIVE,30,-5,246.27,5.7,3.25,10.74,66.7,1.26,2.51,RECOVERING,26,26,12,18,-4,0,strong trend; healthy momentum; volume support; relative strength,SPY BEARISH 36; QQQ BEARISH 26,228.51,231.88,226.21,260.14,246.27,258.11,235.91,4.21,4.81,1.14,LOW,WATCH score 73; ATR-based plan; R/R 1.14
HSBA.L,WATCH,73,78,DEFENSIVE,30,-5,1552.8,1.69,9.15,16.66,71.4,1.11,0.96,TREND,32,21,7,18,0,0,strong trend; healthy momentum; volume support; relative strength,SPY BEARISH 36; QQQ BEARISH 26,1476.02,1420.96,1251.8,1552.8,1552.8,1609.81,1502.92,3.21,3.67,1.14,LOW,WATCH score 73; ATR-based plan; R/R 1.14
AAPL,WATCH,71,76,DEFENSIVE,30,-5,321.66,-1.3,9.75,20.2,63.0,0.63,2.38,TREND,32,26,0,18,0,0,strong trend; healthy momentum; relative strength,SPY BEARISH 36; QQQ BEARISH 26,311.49,305.47,275.6,333.74,321.66,333.58,311.23,3.24,3.71,1.14,LOW,WATCH score 71; ATR-based plan; R/R 1.14
EPU,WATCH,71,76,DEFENSIVE,30,-5,85.68,-2.81,3.32,6.3,54.1,0.74,1.78,TREND,32,26,0,18,0,0,strong trend; healthy momentum; relative strength,SPY BEARISH 36; QQQ BEARISH 26,84.77,84.36,78.15,93.84,85.68,88.74,83.5,2.55,3.57,1.4,C,WATCH score 71; ATR-based plan; R/R 1.40
LLOY.L,WATCH,71,76,DEFENSIVE,30,-5,113.5,0.93,3.94,16.95,45.1,0.6,1.4,TREND,32,26,0,18,0,0,strong trend; healthy momentum; relative strength,SPY BEARISH 36; QQQ BEARISH 26,112.48,106.05,99.01,115.35,113.5,117.43,110.79,2.39,3.46,1.45,C,WATCH score 71; ATR-based plan; R/R 1.45
STAN.L,WATCH,71,76,DEFENSIVE,30,-5,2137.0,0.38,4.96,19.39,47.8,0.72,1.13,TREND,32,26,0,18,0,0,strong trend; healthy momentum; relative strength,SPY BEARISH 36; QQQ BEARISH 26,2109.9,2025.74,1783.59,2155.0,2137.0,2220.75,2078.25,2.75,3.92,1.43,C,WATCH score 71; ATR-based plan; R/R 1.43
UBSG.SW,WATCH,71,76,DEFENSIVE,30,-5,42.31,0.17,5.85,27.13,52.6,0.7,1.46,TREND,32,26,0,18,0,0,strong trend; healthy momentum; relative strength,SPY BEARISH 36; QQQ BEARISH 26,41.97,39.81,34.64,44.28,42.31,43.74,41.34,2.29,3.38,1.48,C,WATCH score 71; ATR-based plan; R/R 1.48
XLF,WATCH,71,76,DEFENSIVE,30,-5,55.83,-0.39,3.93,7.76,52.3,0.72,0.88,TREND,32,26,0,18,0,0,strong trend; healthy momentum; relative strength,SPY BEARISH 36; QQQ BEARISH 26,55.45,53.52,52.73,56.75,55.83,56.9,54.89,1.68,1.92,1.14,LOW,WATCH score 71; ATR-based plan; R/R 1.14
AIR.PA,WATCH,70,75,DEFENSIVE,30,-5,206.05,0.76,7.37,17.82,46.1,0.85,2.2,TREND,28,26,3,18,0,0,strong trend; healthy momentum; relative strength,SPY BEARISH 36; QQQ BEARISH 26,199.03,187.24,189.94,220.2,206.05,214.41,198.74,3.55,4.06,1.14,LOW,WATCH score 70; ATR-based plan; R/R 1.14
BMO.TO,WATCH,70,75,DEFENSIVE,30,-5,248.95,-1.31,1.39,20.15,52.6,1.35,1.13,MIXED,24,21,12,18,0,0,strong trend; healthy momentum; volume support; relative strength,SPY BEARISH 36; QQQ BEARISH 26,251.31,237.47,199.95,257.76,248.95,255.98,247.54,0.57,2.82,4.98,C,WATCH score 70; ATR-based plan; R/R 4.98
BNS.TO,WATCH,70,75,DEFENSIVE,30,-5,121.88,-1.2,0.33,16.19,48.6,1.15,1.14,MIXED,24,21,12,18,0,0,strong trend; healthy momentum; volume support; relative strength,SPY BEARISH 36; QQQ BEARISH 26,123.29,117.52,103.55,126.86,121.88,125.2,121.44,0.36,2.72,7.56,C,WATCH score 70; ATR-based plan; R/R 7.56
UCG.MI,WATCH,70,75,DEFENSIVE,30,-5,80.43,1.53,4.33,22.57,46.3,1.1,2.01,MIXED,24,26,7,18,0,0,strong trend; healthy momentum; volume support; relative strength,SPY BEARISH 36; QQQ BEARISH 26,81.11,77.15,69.97,83.21,80.43,83.53,79.89,0.67,3.85,5.77,C,WATCH score 70; ATR-based plan; R/R 5.77
XLI,WATCH,70,75,DEFENSIVE,30,-5,181.94,1.73,0.96,5.47,43.9,1.26,1.04,TREND,32,13,12,18,0,0,strong trend; volume support; relative strength,SPY BEARISH 36; QQQ BEARISH 26,181.5,177.45,166.47,185.56,181.94,186.66,178.78,1.74,2.6,1.49,C,WATCH score 70; ATR-based plan; R/R 1.49
8316.T,WATCH,69,74,DEFENSIVE,30,-5,7161.0,-0.08,12.95,33.93,68.7,0.8,1.65,TREND,32,21,3,18,0,0,strong trend; healthy momentum; relative strength,SPY BEARISH 36; QQQ BEARISH 26,6796.35,6415.8,5398.28,7167.0,7161.0,7463.17,6896.6,3.69,4.22,1.14,LOW,WATCH score 69; ATR-based plan; R/R 1.14
8766.T,WATCH,69,74,DEFENSIVE,30,-5,8116.0,1.99,18.48,13.1,64.8,0.88,2.36,TREND,32,21,3,18,0,0,strong trend; healthy momentum; relative strength,SPY BEARISH 36; QQQ BEARISH 26,7620.75,7431.88,6529.88,8116.0,8116.0,8433.03,7838.6,3.42,3.91,1.14,LOW,WATCH score 69; ATR-based plan; R/R 1.14
BARC.L,WATCH,69,74,DEFENSIVE,30,-5,525.4,1.14,2.88,21.9,47.6,0.97,1.3,TREND,32,21,3,18,0,0,strong trend; healthy momentum; relative strength,SPY BEARISH 36; QQQ BEARISH 26,517.58,487.74,447.42,529.5,525.4,546.45,509.82,2.97,4.01,1.35,C,WATCH score 69; ATR-based plan; R/R 1.35
7267.T,WATCH,67,72,DEFENSIVE,30,-5,1536.0,-1.95,8.63,18.47,47.7,0.58,1.86,TREND,28,26,0,18,0,0,strong trend; healthy momentum; relative strength,SPY BEARISH 36; QQQ BEARISH 26,1523.97,1460.05,1481.17,1702.5,1536.0,1597.37,1501.11,2.27,4.0,1.76,C,WATCH score 67; ATR-based plan; R/R 1.76
ENB.TO,WATCH,66,71,DEFENSIVE,30,-5,79.43,0.18,0.8,9.39,66.7,0.76,1.12,TREND,32,21,0,18,0,0,strong trend; healthy momentum; relative strength,SPY BEARISH 36; QQQ BEARISH 26,78.25,78.06,71.42,80.19,79.43,81.38,77.73,2.15,2.45,1.14,LOW,WATCH score 66; ATR-based plan; R/R 1.14
NOVN.SW,WATCH,66,71,DEFENSIVE,30,-5,126.9,-0.6,0.49,10.62,55.1,0.78,1.31,TREND,32,21,0,18,0,0,strong trend; healthy momentum; relative strength,SPY BEARISH 36; QQQ BEARISH 26,125.3,121.61,115.41,130.5,126.9,130.89,123.42,2.74,3.14,1.15,LOW,WATCH score 66; ATR-based plan; R/R 1.15
UNH,WATCH,66,71,DEFENSIVE,30,-5,423.56,-1.8,4.38,19.42,49.0,0.8,1.82,MIXED,24,26,3,18,0,0,strong trend; healthy momentum; relative strength,SPY BEARISH 36; QQQ BEARISH 26,424.69,407.11,342.94,436.35,423.56,444.23,418.32,1.24,4.88,3.94,C,WATCH score 66; ATR-based plan; R/R 3.94
8306.T,WATCH,65,70,DEFENSIVE,30,-5,3754.0,0.11,16.12,36.24,72.8,1.11,1.8,TREND,32,21,7,18,0,-8,strong trend; healthy momentum; volume support; relative strength; overextended,SPY BEARISH 36; QQQ BEARISH 26,3467.9,3271.54,2788.49,3754.0,3754.0,3926.8,3602.8,4.03,4.6,1.14,LOW,WATCH score 65; ATR-based plan; R/R 1.14
RY.TO,WATCH,65,70,DEFENSIVE,30,-5,293.67,-1.44,1.96,20.78,53.7,1.0,1.13,MIXED,24,21,7,18,0,0,strong trend; healthy momentum; volume support; relative strength,SPY BEARISH 36; QQQ BEARISH 26,295.8,280.06,239.36,305.74,293.67,301.46,291.36,0.79,2.65,3.38,C,WATCH score 65; ATR-based plan; R/R 3.38
SREN.SW,WATCH,65,70,DEFENSIVE,30,-5,134.5,1.59,5.24,5.32,57.9,0.85,1.3,TREND,28,26,3,13,0,0,strong trend; healthy momentum; relative strength,SPY BEARISH 36; QQQ BEARISH 26,132.55,125.68,131.8,154.65,134.5,139.11,130.56,2.93,3.42,1.17,LOW,WATCH score 65; ATR-based plan; R/R 1.17
TMO,WATCH,65,70,DEFENSIVE,30,-5,572.32,8.71,16.28,22.28,71.3,2.5,2.36,TREND,28,21,12,13,0,-4,strong trend; healthy momentum; volume support; relative strength,SPY BEARISH 36; QQQ BEARISH 26,524.07,489.81,529.58,639.45,572.32,599.76,548.31,4.19,4.79,1.14,LOW,WATCH score 65; ATR-based plan; R/R 1.14
XLRE,WATCH,65,70,DEFENSIVE,30,-5,44.95,-0.13,0.99,3.36,53.4,0.97,0.99,TREND,32,17,3,18,0,0,strong trend; healthy momentum; relative strength,SPY BEARISH 36; QQQ BEARISH 26,44.73,44.48,42.53,45.46,44.95,45.88,44.14,1.8,2.06,1.14,LOW,WATCH score 65; ATR-based plan; R/R 1.14
VOD.L,WATCH,64,69,DEFENSIVE,30,-5,114.6,-1.33,8.47,0.09,71.4,1.42,3.61,RECOVERING,26,17,12,18,-4,0,strong trend; healthy momentum; volume support; relative strength,SPY BEARISH 36; QQQ BEARISH 26,107.88,109.54,105.09,120.4,114.6,121.1,108.92,4.96,5.67,1.14,LOW,WATCH score 64; ATR-based plan; R/R 1.14
ABBV,WATCH,63,68,DEFENSIVE,30,-5,256.92,1.43,9.38,30.17,44.5,0.52,1.99,TREND,32,18,0,18,0,0,strong trend; healthy momentum; relative strength,SPY BEARISH 36; QQQ BEARISH 26,252.01,232.27,223.86,261.07,256.92,266.43,248.6,3.24,3.7,1.14,LOW,WATCH score 63; ATR-based plan; R/R 1.14
XLV,WATCH,63,68,DEFENSIVE,30,-5,161.44,1.26,5.28,12.53,44.6,0.62,1.4,TREND,32,18,0,18,0,0,strong trend; healthy momentum; relative strength,SPY BEARISH 36; QQQ BEARISH 26,160.58,154.16,151.81,164.44,161.44,165.86,158.17,2.02,2.74,1.35,C,WATCH score 63; ATR-based plan; R/R 1.35
DB1.DE,WATCH,62,67,DEFENSIVE,30,-5,258.1,1.94,8.31,-1.34,54.2,0.88,1.49,TREND,32,18,3,14,0,0,strong trend; healthy momentum; relative strength,SPY BEARISH 36; QQQ BEARISH 26,252.16,249.76,234.1,267.3,258.1,267.38,249.98,3.15,3.6,1.14,LOW,WATCH score 62; ATR-based plan; R/R 1.14
EC,WATCH,62,67,DEFENSIVE,30,-5,16.33,-2.16,11.93,19.02,72.3,0.76,1.71,TREND,32,21,0,18,0,-4,strong trend; healthy momentum; relative strength,SPY BEARISH 36; QQQ BEARISH 26,15.39,15.15,12.51,16.69,16.33,17.15,15.62,4.37,5.0,1.14,LOW,WATCH score 62; ATR-based plan; R/R 1.14
EWC,WATCH,62,67,DEFENSIVE,30,-5,58.82,-0.78,2.67,1.45,61.4,0.71,0.58,TREND,32,17,0,18,0,0,strong trend; healthy momentum; relative strength,SPY BEARISH 36; QQQ BEARISH 26,58.47,58.36,55.36,59.49,58.82,59.8,57.96,1.46,1.67,1.14,LOW,WATCH score 62; ATR-based plan; R/R 1.14
IJR,WATCH,62,67,DEFENSIVE,30,-5,144.88,-0.62,0.32,6.09,44.0,1.4,0.76,MIXED,24,13,12,18,0,0,strong trend; volume support; relative strength,SPY BEARISH 36; QQQ BEARISH 26,146.12,141.93,129.43,148.31,144.88,147.6,143.93,0.66,1.88,2.86,C,WATCH score 62; ATR-based plan; R/R 2.86
UUP,WATCH,62,67,DEFENSIVE,30,-5,28.56,0.39,0.11,4.04,62.0,0.78,0.29,TREND,32,17,0,18,0,0,strong trend; healthy momentum; relative strength,SPY BEARISH 36; QQQ BEARISH 26,28.4,28.1,27.71,28.56,28.56,28.73,28.41,0.51,0.58,1.14,LOW,WATCH score 62; ATR-based plan; R/R 1.14
ARGT,WATCH,61,66,DEFENSIVE,30,-5,94.11,-2.37,3.73,2.33,57.2,0.72,1.49,RECOVERING,26,22,0,18,0,0,strong trend; healthy momentum; relative strength,SPY BEARISH 36; QQQ BEARISH 26,93.04,93.34,90.66,102.94,94.11,97.3,91.64,2.62,3.39,1.29,C,WATCH score 61; ATR-based plan; R/R 1.29
ITUB,WATCH,61,66,DEFENSIVE,30,-5,8.35,-1.53,5.96,-5.11,56.6,1.08,1.61,TREND,32,18,7,9,0,0,strong trend; healthy momentum; volume support,SPY BEARISH 36; QQQ BEARISH 26,8.3,8.02,7.96,9.57,8.35,8.65,8.18,2.09,3.6,1.72,C,WATCH score 61; ATR-based plan; R/R 1.72
WOW.AX,WATCH,61,66,DEFENSIVE,30,-5,39.18,0.67,-2.63,13.93,47.4,1.26,0.9,MIXED,24,16,12,14,0,0,strong trend; healthy momentum; volume support; relative strength,SPY BEARISH 36; QQQ BEARISH 26,39.57,37.66,33.21,40.55,39.18,40.26,38.98,0.52,2.77,5.33,C,WATCH score 61; ATR-based plan; R/R 5.33
TSCO.L,WATCH,59,64,DEFENSIVE,30,-5,480.3,1.07,4.44,-0.09,65.9,0.55,1.32,TREND,32,18,0,14,0,0,strong trend; healthy momentum; relative strength,SPY BEARISH 36; QQQ BEARISH 26,471.43,460.59,458.92,501.2,480.3,494.29,468.06,2.55,2.91,1.14,LOW,WATCH score 59; ATR-based plan; R/R 1.14
6098.T,WATCH,58,63,DEFENSIVE,30,-5,12055.0,-2.43,7.25,64.96,52.3,1.02,2.05,MIXED,24,14,7,18,0,0,strong trend; volume support; relative strength,SPY BEARISH 36; QQQ BEARISH 26,12126.25,11125.76,8547.01,12920.0,12055.0,12675.57,11944.36,0.92,5.15,5.61,C,WATCH score 58; ATR-based plan; R/R 5.61
8001.T,WATCH,58,63,DEFENSIVE,30,-5,1957.5,-0.68,7.91,0.9,64.2,0.77,0.99,TREND,28,22,0,13,0,0,strong trend; healthy momentum; relative strength,SPY BEARISH 36; QQQ BEARISH 26,1899.65,1894.96,1938.45,2270.0,1957.5,2015.9,1906.4,2.61,2.98,1.14,LOW,WATCH score 58; ATR-based plan; R/R 1.14
EWI,WATCH,58,63,DEFENSIVE,30,-5,59.72,-2.19,1.48,4.44,42.1,1.54,0.95,MIXED,24,9,12,18,0,0,strong trend; volume support; relative strength,SPY BEARISH 36; QQQ BEARISH 26,60.11,59.56,55.65,61.14,59.72,60.82,59.21,0.86,1.84,2.14,C,WATCH score 58; ATR-based plan; R/R 2.14
EWP,WATCH,58,63,DEFENSIVE,30,-5,59.02,-1.85,1.13,5.51,45.7,0.54,0.96,MIXED,24,21,0,18,0,0,strong trend; healthy momentum; relative strength,SPY BEARISH 36; QQQ BEARISH 26,59.29,58.2,54.87,60.28,59.02,60.32,58.4,1.05,2.2,2.1,C,WATCH score 58; ATR-based plan; R/R 2.10
FMX,WATCH,58,63,DEFENSIVE,30,-5,127.08,-2.93,3.25,12.42,44.9,0.87,1.73,MIXED,24,18,3,18,0,0,strong trend; healthy momentum; relative strength,SPY BEARISH 36; QQQ BEARISH 26,129.04,125.54,110.18,133.17,127.08,131.92,122.85,3.33,3.81,1.14,LOW,WATCH score 58; ATR-based plan; R/R 1.14
RR.L,WATCH,58,63,DEFENSIVE,30,-5,1415.6,4.16,0.67,28.85,37.3,1.66,1.99,MIXED,24,9,12,18,0,0,strong trend; volume support; relative strength,SPY BEARISH 36; QQQ BEARISH 26,1418.82,1347.32,1231.24,1504.2,1415.6,1492.79,1397.54,1.28,5.45,4.27,C,WATCH score 58; ATR-based plan; R/R 4.27
TRP.TO,WATCH,57,62,DEFENSIVE,30,-5,98.46,0.13,-0.21,14.24,65.2,0.78,1.35,TREND,32,16,0,14,0,0,strong trend; healthy momentum; relative strength,SPY BEARISH 36; QQQ BEARISH 26,96.82,96.06,84.12,99.6,98.46,101.56,95.75,2.76,3.15,1.14,LOW,WATCH score 57; ATR-based plan; R/R 1.14
WFC,WATCH,57,62,DEFENSIVE,30,-5,86.19,-0.27,2.24,6.99,52.2,0.67,1.65,TREND,28,21,0,13,0,0,strong trend; healthy momentum; relative strength,SPY BEARISH 36; QQQ BEARISH 26,86.16,82.01,84.62,96.39,86.19,89.76,84.87,1.53,4.14,2.7,C,WATCH score 57; ATR-based plan; R/R 2.70
6902.T,WATCH,56,61,DEFENSIVE,30,-5,1977.0,-0.8,6.26,5.84,54.7,0.74,1.17,TREND,22,26,0,13,0,0,strong trend; healthy momentum; relative strength,SPY BEARISH 36; QQQ BEARISH 26,1944.65,1906.82,2042.05,2315.0,1977.0,2030.14,1930.5,2.35,2.69,1.14,LOW,WATCH score 56; ATR-based plan; R/R 1.14
GS,WATCH,56,61,DEFENSIVE,30,-5,1074.72,-2.14,-0.2,14.6,57.3,0.9,3.0,TREND,32,16,3,14,-4,0,strong trend; healthy momentum; relative strength,SPY BEARISH 36; QQQ BEARISH 26,1060.41,1039.93,909.12,1152.07,1074.72,1136.25,1044.5,2.81,5.73,2.04,C,WATCH score 56; ATR-based plan; R/R 2.04
MUV2.DE,WATCH,56,61,DEFENSIVE,30,-5,509.0,0.55,6.55,-0.35,60.0,1.96,1.12,TREND,22,18,12,9,0,0,strong trend; healthy momentum; volume support,SPY BEARISH 36; QQQ BEARISH 26,503.43,480.26,522.42,607.8,509.0,524.93,495.88,2.58,3.13,1.21,C,WATCH score 56; ATR-based plan; R/R 1.21
SBUX,WATCH,56,61,DEFENSIVE,30,-5,103.21,-0.74,-0.31,5.43,47.2,1.0,1.49,MIXED,24,16,7,14,0,0,strong trend; healthy momentum; volume support; relative strength,SPY BEARISH 36; QQQ BEARISH 26,104.63,102.61,94.17,108.37,103.21,107.97,103.06,0.14,4.61,31.83,C,WATCH score 56; ATR-based plan; R/R 31.83
AAL.L,WATCH,55,60,DEFENSIVE,30,-5,3721.0,2.51,0.08,5.86,47.8,1.58,2.94,RECOVERING,18,21,12,13,-4,0,developing trend; healthy momentum; volume support; relative strength,SPY BEARISH 36; QQQ BEARISH 26,3597.75,3775.76,3361.5,4225.0,3721.0,3964.54,3543.78,4.76,6.55,1.37,C,WATCH score 55; ATR-based plan; R/R 1.37
GILD,WATCH,55,60,DEFENSIVE,30,-5,130.86,0.4,4.55,2.43,49.3,0.84,2.26,TREND,22,22,3,13,0,0,strong trend; healthy momentum; relative strength,SPY BEARISH 36; QQQ BEARISH 26,130.82,129.77,131.33,155.8,130.86,137.47,128.86,1.53,5.05,3.3,C,WATCH score 55; ATR-based plan; R/R 3.30
LLY,WATCH,55,60,DEFENSIVE,30,-5,1185.87,1.97,6.14,36.58,44.5,0.67,2.38,MIXED,24,18,0,18,0,0,strong trend; healthy momentum; relative strength,SPY BEARISH 36; QQQ BEARISH 26,1186.92,1125.3,1014.37,1235.56,1185.87,1245.25,1169.12,1.41,5.01,3.54,C,WATCH score 55; ATR-based plan; R/R 3.54
NAB.AX,WATCH,55,60,DEFENSIVE,30,-5,40.39,1.46,7.68,1.28,67.1,0.99,1.31,TREND,22,22,3,13,0,0,strong trend; healthy momentum; relative strength,SPY BEARISH 36; QQQ BEARISH 26,39.16,38.03,41.73,49.1,40.39,41.46,39.45,2.32,2.65,1.14,LOW,WATCH score 55; ATR-based plan; R/R 1.14
V,WATCH,55,60,DEFENSIVE,30,-5,351.6,-0.51,5.83,13.55,40.4,0.49,1.55,MIXED,24,18,0,18,0,0,strong trend; healthy momentum; relative strength,SPY BEARISH 36; QQQ BEARISH 26,351.64,335.88,329.81,365.14,351.6,364.38,346.37,1.49,3.63,2.44,C,WATCH score 55; ATR-based plan; R/R 2.44
